Esta,"[-6.13606907e-02 -1.60911992e-01  1.58598036e-01 -1.79242119e-01
  1.57229513e-01  3.35052460e-02  2.03358471e-01  1.35912389e-01
  1.34048656e-01 -3.32918391e-02  1.63939416e-01 -1.15812764e-01
  5.34090325e-02  2.77967870e-01  4.84907180e-02  3.03074539e-01
  2.08506525e-01 -3.31472605e-01 -1.13143221e-01  3.97243649e-02
 -1.17455825e-01 -1.79319665e-01  3.50769572e-02 -1.26492800e-02
 -9.75890160e-02 -5.37409522e-02  5.40024817e-01 -2.48735249e-01
  9.53096226e-02 -2.33674198e-02 -5.87020814e-03 -4.90306988e-02
  5.80410659e-03  4.97292578e-02 -1.42762288e-01  4.48063463e-02
  1.28579214e-01  6.75179213e-02  8.54972098e-03 -1.93310097e-01
 -7.03373700e-02  9.07177106e-03  1.32398367e-01 -1.39827311e-01
 -8.71481150e-02  5.05997054e-02 -5.12549734e+00 -8.68961513e-02
 -2.13380232e-01 -9.99444276e-02  9.48989764e-02  1.39777318e-01
 -3.04593205e-01  1.99030340e-01 -3.40988114e-02  1.36292636e-01
  1.13504082e-02 -1.68673694e-04 -2.28477225e-01 -5.03514521e-03
 -5.78169823e-02  7.61032999e-02  1.36448950e-01 -1.79450139e-01
  2.43960440e-01 -1.62204906e-01 -2.53539160e-02  1.26323625e-01
 -3.04338485e-01  1.56751513e-01  1.55378496e-02  2.53277272e-01
  1.17709368e-01  8.29539001e-02  2.46354878e-01 -1.85811371e-02
 -1.15360066e-01  2.05252796e-01  9.75088030e-02  8.49636346e-02
  3.42348590e-02  2.61223048e-01  3.31326932e-01  1.14619605e-01
  1.10744767e-01 -9.99526680e-03  3.50348055e-01  4.88206074e-02
  1.54993534e-01  1.39063671e-01  2.15170383e-01 -4.42729853e-02
  3.15648973e-01  2.14228615e-01  1.99297946e-02 -2.57441457e-02
  2.54700147e-03  3.02581310e-01  2.30381284e-02 -4.83574830e-02
  1.64488405e-02 -3.80250774e-02 -4.88858297e-02 -1.59246236e-01
 -6.84649199e-02  3.16016488e-02 -8.31148624e-02 -1.19837165e-01
  8.37059468e-02 -1.56703517e-01  3.92393947e-01  1.35834649e-01
 -2.69708317e-02 -3.62636924e-01 -9.14064050e-02 -5.04567698e-02
  1.91939026e-01 -1.55116245e-01  1.49640933e-01  1.89210758e-01
  3.41772810e-02 -5.16061962e-01 -1.39801934e-01 -9.31959972e-03
  2.50412434e-01  9.28312913e-02 -1.34501085e-01 -1.57465339e-01
 -1.39352813e-01 -7.52332583e-02  3.83967832e-02 -1.53395310e-01
  1.39101282e-01  4.08959746e-01  1.69430062e-01 -9.61762294e-02
  3.06290299e-01 -1.14044070e-01 -2.20428526e-01 -2.87113171e-02
  3.51424143e-02 -2.22648278e-01  1.43482387e-01  1.27930537e-01
  4.76651043e-02  1.79269731e-01  2.69554034e-02 -9.89184231e-02
 -1.02251843e-01 -7.23867714e-02 -5.29549643e-02  3.23375553e-01
  1.85403645e-01  7.89742991e-02  1.85582906e-01 -2.86676645e-01
  3.42289805e-02  1.61335707e-01  3.85323733e-01 -2.37678543e-01
 -1.81076154e-01 -9.98660326e-02  1.52282432e-01  1.19525045e-01
  3.34947586e-01 -1.55773878e-01 -8.12156647e-02 -1.03539988e-01
  7.71595165e-02 -1.31850183e-01 -2.06599444e-01  4.15617004e-02
 -1.45009249e-01 -1.05758436e-01  1.65883616e-01 -8.46662596e-02
  1.22769490e-01  1.11376934e-01  1.60759792e-01 -4.33939509e-03
  3.22768055e-02  2.14733198e-01 -2.47806609e-01 -3.00766043e-02
 -1.95387691e-01 -7.49810338e-02  3.45589459e-01  1.43213756e-03
  1.44062549e-01 -7.69878775e-02  2.32414193e-02  8.93427879e-02
  1.95044234e-01 -4.65474464e-02 -1.94641985e-02  1.51370034e-01
  7.82506391e-02 -1.64328456e-01 -1.73550949e-01  2.33601719e-01
  1.03458032e-01 -1.37454778e-01  3.44504863e-02  5.25625348e-02
  4.30025160e-02  1.39121681e-01  3.61226290e-01 -3.84275336e-03
  2.24657282e-02 -1.64407298e-01  3.14984620e-02  1.46953702e-01
  6.54555634e-02  3.55560929e-02 -1.67986050e-01  3.99150029e-02
 -4.94039357e-02 -9.91402119e-02 -1.08819678e-01  2.78275460e-04
  7.05293790e-02  2.17809394e-01  6.50165975e-02  9.26444829e-02
 -3.31884250e-02  3.43620777e-04 -1.34570166e-01  2.58017480e-02
 -1.41045660e-01 -4.29104716e-02 -2.30614603e-01 -1.94104001e-01
 -2.70924002e-01  2.71430016e-02 -2.02048361e-01  2.76981235e-01
  8.19838941e-02  2.62209237e-01 -1.57260895e-02 -1.30073145e-01
  5.59725314e-02  1.09954983e-01 -1.39862567e-01  8.78937244e-02
  3.64916921e-02 -2.08675385e-01 -1.18530788e-01 -9.06140059e-02
  8.64117667e-02  1.94762588e-01  5.28948531e-02 -1.72128901e-02
  6.87353015e-02 -3.58731225e-02 -1.71887428e-01 -1.47293925e-01
 -8.33272934e-02 -1.57778680e-01  1.72604337e-01  1.74229950e-01
 -6.64879978e-02 -6.74045458e-02  2.60791451e-01  7.50408769e-02
  1.48658469e-01 -1.77793086e-01 -4.81714427e-01 -8.99281055e-02
 -3.92671935e-02 -3.95545270e-04 -2.22375914e-01  3.58572811e-01
  2.39376351e-01 -9.45919305e-02 -1.74198389e-01 -2.25668997e-01
  3.51740420e-03 -6.21384382e-02  9.97309759e-02 -9.20285136e-02
 -4.65914123e-02 -9.17010382e-02  6.38928562e-02  4.21067178e-01
  4.55843389e-01  2.54650027e-01 -5.04085481e-01  2.58320626e-02
  2.75585979e-01  1.12743020e-01 -1.01284198e-01  2.01023370e-02
 -1.72660112e-01 -7.48927817e-02 -1.43276572e-01 -2.11205445e-02
 -1.27008080e-01 -8.74517858e-02  8.30585361e-02 -2.66674049e-02
 -1.76934116e-02  6.80757761e-02 -9.24793258e-02  2.58443177e-01
 -2.19115391e-02 -1.82878152e-02  4.84438837e-02  7.53782317e-03
  1.78271905e-03  1.22047924e-01 -3.27661961e-01  6.52733669e-02
  8.22050646e-02 -1.03875488e-01 -9.53211635e-02  1.40002258e-02
  2.71697827e-02 -1.15647033e-01 -1.95429772e-01  7.22832382e-02
 -1.83312938e-01  1.52543202e-01  2.85936967e-02  9.34279989e-03
 -9.26063955e-02  5.62531129e-03 -2.16586947e-01  1.81592137e-01
  1.57437339e-01 -1.08925775e-02  2.76383683e-02  6.39244020e-02
  5.30624017e-02 -7.82305375e-03  1.96118072e-01  1.55386165e-01
 -2.08672881e-02 -3.23816240e-02 -2.58410890e-02  1.51188284e-01
  1.21845454e-02 -1.81921154e-01  5.98789416e-02  5.48420474e-02
  8.12566727e-02 -1.19545460e-01  1.96899474e-01 -2.35010274e-02
 -6.61432669e-02  2.51116715e-02  3.27284969e-02  6.15674779e-02
  2.50324428e-01  1.12175874e-01  1.21082991e-01  4.78033237e-02
  4.46427874e-02 -2.35111862e-02 -1.23466909e-01 -5.24080880e-02
  1.70183480e-01 -1.14385046e-01 -1.96919646e-02  3.89858216e-01
  6.42122701e-02  3.87419239e-02 -7.32678548e-02  1.56978339e-01
 -8.77586007e-02  4.55242321e-02  4.54381593e-02 -1.88749611e-01
  1.14210919e-01 -6.76500127e-02  1.27122611e-01 -1.31119639e-01
 -1.09235637e-01 -2.71266736e-02 -1.06420651e-01 -2.88049221e-01
  2.27649864e-02  3.38703871e-01 -1.73259317e-03 -6.21502921e-02
 -9.85863581e-02 -1.10935383e-01  1.57863885e-01  6.13597259e-02
 -6.48696348e-02 -1.69404566e-01  9.34947804e-02 -1.21617153e-01
 -2.93787330e-01 -1.87325507e-01  3.23898524e-01  7.88244307e-02
 -3.50426398e-02  8.07414204e-02  2.90606767e-01  1.02851875e-01
  5.88989146e-02 -1.61681086e-01 -5.40506467e-02 -2.36020721e-02
 -5.62942438e-02 -6.04237914e-02 -3.23048770e-01 -1.66796282e-01
 -6.73951507e-02  9.05626342e-02 -1.92861915e-01  1.19496100e-01
 -2.61189878e-01  1.03318915e-02 -1.65884182e-01 -6.32776022e-02
  1.46335691e-01  3.63541022e-03 -1.70398563e-01  1.33980110e-01
 -1.96512043e-01  1.53613925e-01 -9.98912975e-02 -7.50582367e-02
 -2.18453705e-01  1.69646144e-02 -4.58243750e-02 -1.98906869e-01
 -2.11242765e-01 -1.00548275e-01  5.06109715e-01 -2.50050485e-01
  4.58050743e-02 -1.04804799e-01 -6.17814541e-01  3.14569890e-01
  3.79243642e-02  1.71098754e-01  1.58109114e-01  1.75628588e-02
 -8.47334340e-02  1.24344707e-01  8.45988691e-02 -2.36095153e-02
 -5.27220592e-02 -2.75343023e-02  3.56529951e-02  2.55671054e-01
 -4.06444594e-02  2.24642783e-01  2.44970679e-01  2.62866557e-01
 -1.02474600e-01  2.71614641e-03  8.35506059e-03 -9.01180599e-03
  1.10591456e-01 -3.24596390e-02  1.95902973e-01  1.09151155e-01
 -1.68581456e-01  2.47955859e-01 -1.19038951e-02  2.15650022e-01
  1.76876977e-01 -1.94447249e-01  2.62284540e-02 -1.07252747e-01
  5.26304394e-02  1.91426173e-01  1.13709696e-01 -9.80724022e-03
 -1.74724702e-02 -2.34177023e-01 -8.32775086e-02  1.81461096e-01
 -2.23114431e-01 -1.45523235e-01  1.53831378e-01  1.18195906e-01
 -1.62779719e-01 -9.20759514e-03  7.06059933e-02 -8.63260552e-02
  1.08381979e-01 -2.37150475e-01 -5.98274097e-02  2.17853978e-01
 -1.30470499e-01  6.94544762e-02  4.81138453e-02  2.27853864e-01
 -1.20057121e-01  1.63095847e-01  6.99585956e-03 -1.86171085e-02
 -3.48879620e-02 -2.24811584e-01 -4.72140387e-02 -2.36193910e-02
  2.51913890e-02  1.57339230e-01  1.21810332e-01 -1.31754577e-01
 -7.99992904e-02 -9.99887362e-02 -5.27652428e-02 -1.09716300e-02
 -3.27859074e-04 -2.02137008e-01  3.45745236e-02 -5.73485009e-02
 -1.57258004e-01  1.15614347e-01 -6.09848574e-02 -1.71432123e-01
  1.78605556e-01 -5.25503531e-02 -6.71418533e-02 -3.95443499e-01
 -9.70690697e-02  5.07822752e-01 -7.70934895e-02 -5.55172861e-02
 -2.44490892e-01 -7.39379227e-02  1.29728556e-01 -3.08243781e-02
 -2.02597007e-01 -3.71709764e-02  1.24475539e-01 -2.59011865e-01
 -8.89548808e-02  1.05641797e-01 -1.48015901e-01 -1.86763093e-01
  5.44185415e-02  2.09938109e-01  8.93934965e-02 -6.43512830e-02
 -8.57489184e-02 -2.47733563e-01  1.75357282e-01  3.61282043e-02
 -5.70325702e-02  1.92504019e-01  9.25030559e-02 -2.59824544e-01
 -2.79297709e-01  2.53118563e+00 -2.50771135e-01  7.45463520e-02
 -5.41742817e-02  3.15460026e-01  4.14106064e-02 -5.14695160e-02
 -1.39466673e-01  1.95990637e-01 -2.94757150e-02  1.03653446e-01
 -7.92545751e-02 -5.96095994e-02 -2.04132751e-01  1.74405165e-02
  4.02231753e-01  4.26208019e-01 -1.65354311e-01 -2.70918794e-02
 -8.26492161e-03  8.92122611e-02  3.35515648e-01  1.77616596e-01
 -5.73054552e-02 -3.34790275e-02  5.66585660e-02 -8.02182332e-02
  9.95273516e-02  1.40302032e-01 -7.49664754e-02  9.61647779e-02
 -3.72321382e-02 -1.80505551e-02  1.35081604e-01  5.33279032e-04
  4.55864631e-02  1.29231632e-01  3.73069420e-02  4.76058759e-02
  2.40143277e-02  4.36480381e-02  5.72998263e-02  4.70333919e-02
 -1.63851574e-01  2.29423702e-01 -1.57530278e-01  2.27234036e-01
  4.03330103e-02  5.76846674e-02  1.71932176e-01 -6.74047098e-02
  1.38464600e-01 -1.43911749e-01 -4.59765233e-02  1.03006989e-01
  6.85300156e-02 -6.72178417e-02  9.64566171e-02 -1.77532330e-01
 -6.59990385e-02  1.14869758e-01  1.15811959e-01 -2.03327507e-01
 -1.42757803e-01  8.24174210e-02  9.14200544e-02 -3.23727995e-01
  6.57291412e-02  1.57337829e-01  5.02616465e-02  6.91345185e-02
  8.55042338e-02  1.08502671e-01 -1.49131343e-02  4.40707430e-02
 -1.36811957e-01  1.72370244e-02  1.27797633e-01  1.21127851e-02
  2.01861203e-01  1.33392587e-01  1.47556990e-01 -7.90659338e-04
  5.64587712e-02  1.28510326e-01 -2.22085834e-01  3.11615560e-02
 -3.13762218e-01  1.23641998e-01 -2.56400228e-01 -2.69147307e-01
  8.09357315e-02 -5.16985543e-03  2.36411795e-01  2.46654466e-01
 -2.42672652e-01  9.94945914e-02  4.90601286e-02 -2.01451965e-02
 -5.02994806e-02  2.18243673e-01 -2.28895470e-02  4.45167184e-01
 -1.37452647e-01  2.45331824e-01 -2.77892835e-02 -1.83081701e-01
  3.25698815e-02 -2.01848313e-01 -9.38908309e-02 -7.10021555e-02
 -1.38008982e-01 -1.55300125e-01  1.26368832e-02 -8.43792036e-02
 -2.08482489e-01 -2.17781126e-01 -1.90030187e-02  1.38265789e-02
  1.89559117e-01 -2.32947305e-01 -3.89266074e-01  1.72964633e-01
  1.88875332e-01  2.83911768e-02  7.32022524e-02  3.28221731e-02
 -2.79761553e-02  2.06365094e-01  1.44341607e-02 -1.82122350e-01
 -1.70875505e-01  1.62177697e-01  1.37115419e-02 -7.06662387e-02
 -3.21229786e-01 -2.18064517e-01 -4.25875559e-02  8.78191963e-02
  1.48027375e-01 -1.78955466e-01 -1.51140869e-01 -9.78998691e-02
 -1.64492965e-01 -1.25507742e-01 -1.65329576e-02 -1.83708556e-02
 -2.14187995e-01  7.42833838e-02  1.40544027e-01 -1.27728179e-01
  5.79157323e-02  1.92636102e-01 -1.78705916e-01 -5.88130727e-02
 -1.08152114e-01 -1.43112600e-01  8.26152414e-02 -1.09677583e-01
  1.36032730e-01  8.55467543e-02 -2.94854522e-01  7.45160691e-03
  3.45717967e-01  9.29562300e-02 -6.31287694e-03  1.79008394e-03
 -1.28751025e-01  2.45555431e-01 -1.87399894e-01 -9.09119099e-02
 -1.91409379e-01  5.44478595e-02 -6.45973235e-02  1.03583619e-01
 -5.26367202e-02  7.76659772e-02 -6.99371099e-02  1.23591777e-02
  7.02960789e-02 -6.57655299e-04  2.07102150e-02  3.76310423e-02
 -2.03704908e-01  1.32701427e-01  9.49737877e-02 -3.54658142e-02
  1.45511210e-01  2.19662655e-02  1.05032116e-01 -6.06743172e-02
  4.13196236e-02 -5.92297763e-02 -2.20743284e-01 -4.18865606e-02
  2.80356295e-02  2.17807591e-02 -1.23398021e-01 -5.46930954e-02
  7.92867132e-03  2.77101547e-01  1.21614918e-01 -2.33735964e-01
  2.45694578e-01  3.72677833e-01 -8.18235874e-02  6.58800639e-03
 -1.38256177e-01 -5.86406291e-02 -1.69567600e-01 -5.89417331e-02
  1.21209212e-02  2.22316220e-01  7.46518373e-04 -3.64738822e-01
  4.71285507e-02  1.00643948e-01  1.39383391e-01  8.04180130e-02]"
tecnología,"[-1.67476907e-01 -4.32863981e-02  1.25689566e-01 -1.82392448e-01
  9.24739987e-02  1.45662189e-01 -3.00050825e-02  1.29455432e-01
 -1.71167508e-01 -4.62243110e-02  3.94972444e-01  3.70622501e-02
 -7.55998343e-02  3.82117555e-02  2.50571281e-01 -6.43626601e-02
  1.64404154e-01 -6.93352282e-01 -3.75540137e-01 -1.31578088e-01
 -1.37895569e-02 -1.32779442e-02  2.80656040e-01  1.31134287e-01
 -2.56873041e-01  1.62306391e-02 -1.48969203e-01 -3.81176203e-01
  1.18649423e-01 -1.87470227e-01  4.74892408e-02 -3.45836341e-01
 -1.72902420e-02 -2.09673271e-01 -7.28853643e-02  8.18681568e-02
 -3.73195946e-01 -1.44013375e-01  1.73200697e-01 -2.09120244e-01
  4.92610559e-02 -2.14061290e-01  1.82929002e-02  6.28989190e-02
 -4.49404456e-02  1.77997932e-01 -5.20089722e+00 -2.74732858e-01
  3.91613916e-02  1.22436956e-01 -2.10178331e-01  9.05629620e-02
  1.76803768e-01  2.77714729e-02  5.75727448e-02  1.29837468e-01
 -5.75513728e-02 -3.28275524e-02 -5.04682362e-02 -1.10032089e-01
 -4.59308587e-02  1.34657890e-01 -2.59026662e-02 -4.86041307e-02
 -5.93759865e-02  3.28989297e-01 -1.43144861e-01  2.76253670e-01
  3.22367460e-01  2.99982131e-01  3.22391558e-03  2.01884285e-02
 -5.59068173e-02 -2.66601413e-01  9.93352383e-02 -1.17875189e-02
 -1.31842375e-01  2.16791600e-01  6.98513091e-02  1.94102123e-01
  1.35198966e-01  1.98178813e-01  2.30769515e-01  1.25218958e-01
  1.52801692e-01 -4.03091162e-02  1.32847309e-01 -2.35610940e-02
  1.01074815e-01  2.39100724e-01  1.63540497e-01  7.07044378e-02
 -1.40798211e-01 -1.55460477e-01 -1.57664135e-01  1.63753107e-01
  1.96059167e-01  1.03394009e-01  4.99490974e-03  3.23856212e-02
 -2.39520431e-01 -4.09320928e-03 -1.53660700e-01 -1.82213768e-01
 -1.34797692e-01 -8.39794725e-02  2.77754247e-01 -1.20398104e-02
  1.33533373e-01 -2.42222011e-01  2.03229308e-01  1.18791908e-01
  1.36054933e-01 -1.62235964e-02  7.78351277e-02  1.82811007e-01
 -7.81911910e-02 -8.18611905e-02 -4.41282243e-02  3.94726768e-02
  1.23543181e-02 -5.41416332e-02 -5.85478991e-02 -2.15972513e-01
  1.54123440e-01  1.23892367e-01 -1.05075121e-01  5.40724397e-02
  1.37358353e-01 -1.49463356e-01 -3.50269556e-01 -1.91026255e-02
 -2.16521665e-01  2.39894211e-01  2.46475965e-01 -5.81172071e-02
  2.00848117e-01 -5.99146932e-02 -6.54677078e-02  7.10207969e-02
 -1.70390785e-01  1.08241275e-01  2.29013234e-01  4.37194556e-02
  4.27002534e-02 -8.51920098e-02 -7.98973963e-02  3.27989087e-02
  1.84638053e-03 -2.58972608e-02 -3.61084342e-02  4.70905691e-01
  3.10588181e-01  5.40993884e-02  2.92369276e-02  1.25286765e-02
 -2.74612196e-02  1.96426332e-01  7.18135561e-04 -5.92125915e-02
 -2.43095178e-02 -2.28920337e-02  1.66745231e-01  1.73331738e-01
  1.27616271e-01  5.73568121e-02  1.07295424e-01 -5.69596067e-02
  3.98712233e-03 -1.23706304e-01 -8.56821388e-02  1.98668391e-01
 -1.75515395e-02 -7.48603567e-02  2.00170994e-01 -3.64817172e-01
 -6.35641515e-02  1.94151938e-01  2.21532375e-01  9.08867419e-02
  4.01930176e-02 -1.26124732e-02 -4.04001087e-01  1.07326917e-03
 -1.82270154e-01  1.18445821e-01  7.90120810e-02 -4.37844805e-02
 -1.13784522e-02 -3.97289991e-02 -1.38488084e-01  1.24787856e-02
  3.13732177e-01  7.25984946e-02  8.25792104e-02  2.31370777e-01
  1.49340332e-01 -4.55661826e-02  9.85478014e-02  1.74727459e-02
  1.38684928e-01 -9.94508266e-02  1.11042187e-01 -3.61377299e-02
  9.43594277e-02 -2.88650226e-02  6.56794459e-02 -1.52235985e-01
  1.68088645e-01  5.12098372e-02 -1.85199246e-01  1.65060669e-01
  1.69952169e-01 -7.82110170e-02 -1.81417823e-01  2.46368825e-01
 -1.29301012e-01 -1.03638530e-01 -8.57731029e-02  9.84650701e-02
  1.54449679e-02 -1.25744566e-03 -6.89503551e-03 -4.79293689e-02
 -7.89870545e-02 -1.80108264e-01  5.92675284e-02  1.35264188e-01
 -1.40149891e-02  2.38883406e-01 -7.77544007e-02  1.79255903e-02
 -1.03737786e-01  1.43114999e-01  2.05192074e-01  1.78259656e-01
  1.22857772e-01  7.22989812e-02  7.29692057e-02  1.53504074e-01
 -1.05641320e-01  9.82500091e-02 -2.61524450e-02 -1.72954768e-01
  2.77407587e-01  1.84398830e-01  1.26675621e-01 -1.42646521e-01
 -2.32517958e-01  6.20843321e-02 -4.17480208e-02  5.02825007e-02
 -1.74168423e-01 -1.62489891e-01  4.57158033e-03 -3.84810045e-02
  6.56029359e-02  6.02559932e-03  2.29861885e-02  2.93760657e-01
  1.06420703e-02 -1.57156378e-01  9.20789987e-02 -2.57995166e-03
  6.98527396e-02  7.19737858e-02 -5.69491148e-01 -1.23438731e-01
 -1.82822160e-02  4.06604297e-02 -1.00207329e-03 -6.85766414e-02
  2.79875379e-02  5.63061498e-02 -7.88179711e-02 -6.61847144e-02
 -2.32080862e-01 -1.50148273e-01 -1.41724963e-02  1.60559509e-02
  6.27081543e-02 -5.00200912e-02  1.12714581e-01  4.67377782e-01
  1.11474097e-01  7.61008263e-02 -8.88171867e-02 -3.33528928e-02
  1.01707861e-01  1.18554883e-01 -5.79817221e-02  3.34141329e-02
 -1.16311014e-04  2.24045724e-01  6.68492094e-02 -9.27485153e-02
 -5.00720143e-02 -1.06990300e-02  8.08361545e-03 -3.14958803e-02
 -5.82824610e-02 -1.05697557e-01  2.01853514e-02  3.15622658e-01
  1.41048312e-01 -2.03680769e-02 -2.57624656e-01 -1.87094077e-01
  1.53948039e-01  1.27764847e-02 -1.75854098e-02  5.08189052e-02
  2.46983647e-01 -1.36563137e-01 -1.06942058e-01  1.21971108e-02
  1.21765822e-01 -2.00027362e-01  1.29843444e-01 -2.12281853e-01
  1.56620905e-01 -3.61320615e-01  3.07450444e-02 -3.04789073e-03
 -3.49672977e-03 -3.20027657e-02  2.26621211e-01  1.37124717e-01
 -9.16639343e-02  6.15661517e-02  6.92178011e-02  6.39541447e-03
 -1.82513192e-01  1.63280666e-02  2.43980229e-01 -2.14345872e-01
 -3.34609479e-01 -2.28717178e-01 -4.14143384e-01  1.17580622e-01
  3.39106992e-02 -2.11246312e-04 -8.99045616e-02  1.40763938e-01
 -1.05367869e-01 -1.06307447e-01  2.52809137e-01 -3.78081761e-02
  2.73291260e-01 -2.71476619e-02  2.40079582e-01  1.01315081e-02
  3.64968061e-01  1.04240321e-01  1.22982144e-01  3.84474695e-02
  1.49226725e-01 -3.53430659e-02  5.97398914e-02  1.75117210e-01
  1.74657349e-03 -1.22127846e-01  1.30085826e-01  4.04733047e-02
 -1.28235057e-01 -1.06690452e-01 -1.52744487e-01 -5.85490987e-02
 -2.37630308e-03  3.82011011e-02 -1.42329365e-01 -1.59808069e-01
  1.91210121e-01 -1.03206083e-01 -1.14530921e-01  4.56804112e-02
 -6.34152144e-02 -6.50840253e-03  1.42153993e-01 -8.24826956e-02
  1.33783311e-01  2.69984126e-01  2.47708589e-01  7.30653331e-02
  1.30345806e-01 -3.62609476e-01 -5.79672679e-02  1.16934381e-01
  4.78861369e-02  3.54520142e-01  7.87079781e-02 -1.99348956e-01
  5.97729608e-02 -1.83783740e-01  4.58315343e-01  1.00139648e-01
 -1.18486606e-01 -2.00287193e-01 -2.71106809e-01  1.57335624e-01
  8.88654962e-02 -2.73280814e-02  5.71163185e-02  5.76463901e-02
  1.49083942e-01 -1.40070453e-01  2.41049789e-02 -5.65935075e-02
 -8.81412625e-02  1.66160837e-02 -5.95175475e-03  6.32196069e-02
 -1.86861023e-01  6.30656555e-02 -1.30398124e-01 -1.90741509e-01
  7.54054934e-02  8.59356299e-03 -1.65833443e-01  2.80330688e-01
  1.01403639e-01 -8.90430957e-02 -1.15980476e-01 -1.41269475e-01
 -2.86662668e-01 -8.31455290e-02  4.72424328e-02 -1.56485289e-01
  7.85792544e-02  1.35423318e-02  1.46880671e-01 -1.80880696e-01
 -3.19032818e-02  1.57786086e-02 -8.60118449e-01  3.21966738e-01
 -1.52738288e-01 -2.25185886e-01 -1.55071735e-01 -9.83554274e-02
  7.69374818e-02  3.45787294e-02 -1.45704538e-01  2.67163888e-02
 -2.54542343e-02  5.87814115e-02 -1.15701623e-01 -1.74411498e-02
 -1.05540656e-01  2.12967455e-01  1.35063455e-01  2.19660580e-01
  1.91003457e-01 -1.95681646e-01  5.50696924e-02 -1.22989729e-01
  5.07243797e-02  2.24266708e-01  2.49286652e-01  3.81123006e-01
 -3.46770994e-02  2.68886723e-02  1.41234547e-01  1.42076135e-01
 -4.74016834e-03 -4.24237996e-02 -9.19254571e-02  1.56525135e-01
 -1.70350611e-01  4.38324213e-02 -2.23703727e-01 -7.27092475e-03
  3.31466123e-02 -6.69362918e-02  4.02639806e-03  5.53706214e-02
 -2.45854735e-01 -2.66953170e-01 -8.74660760e-02  1.60781890e-01
 -1.47757120e-03  9.84726474e-02 -7.34058768e-03 -5.98513149e-02
  2.94929370e-03 -3.85197192e-01  4.83117327e-02  3.81998211e-01
 -7.64040947e-02 -2.96199799e-01  2.47304887e-03  1.93764478e-01
  2.00316563e-01  1.43068247e-02 -2.62638718e-01  7.82868564e-02
  1.17194176e-01  1.15211084e-01 -1.77186280e-02  3.64149511e-02
  4.58479226e-02  1.59599796e-01 -2.01953769e-01  1.33559614e-01
 -2.56837666e-01  6.25611246e-02  5.49867004e-02  1.27842687e-02
 -7.29830563e-03 -2.13231742e-01  1.27424628e-01 -1.87727466e-01
 -7.56739378e-02 -1.15360096e-02  1.24239437e-01 -5.47261909e-04
 -1.97820723e-01 -2.26160958e-02  7.69360363e-03 -4.07519192e-02
 -1.42041355e-01  5.69471240e-01 -2.88048387e-01 -1.31847039e-01
  1.82585701e-01 -2.77523492e-02  1.33578673e-01  7.06225485e-02
 -1.10038586e-01  5.93711585e-02  1.42761871e-01 -1.05730809e-01
  2.92943958e-02 -1.02417447e-01 -5.92225119e-02 -9.28014666e-02
  5.11689931e-02  7.99780041e-02  2.28606462e-01 -9.17232782e-02
 -4.91732322e-02 -4.61636931e-01  1.75176248e-01 -2.23796934e-01
 -1.06287189e-01 -2.55202174e-01  8.39081705e-02 -5.24176843e-02
 -1.54584095e-01  2.16131997e+00 -1.38399392e-01 -1.37572691e-01
  1.12418346e-01 -2.50108480e-01  2.63682187e-01  3.14919874e-02
 -8.62005800e-02  3.99638861e-02 -1.35764480e-02 -7.68212080e-02
  1.29903838e-01  6.45284131e-02 -2.38250166e-01  8.27016309e-03
  6.31952465e-01  1.68652773e-01 -7.99247697e-02  3.69771600e-01
  7.13158846e-02 -6.19698539e-02  3.15545350e-01 -8.22544545e-02
  5.75930476e-02 -5.79813421e-02 -8.76728222e-02 -1.09114379e-01
  8.45694691e-02 -2.98949540e-01  8.60438719e-02  2.07053244e-01
  1.60385475e-01  1.26706868e-01 -2.21415967e-01  4.08863872e-02
 -2.07569912e-01  1.05420217e-01  4.96174246e-02 -1.19243085e-01
 -2.23194331e-01  8.53682160e-02  9.14763063e-02 -2.60984674e-02
 -1.45715587e-02 -2.71127611e-01  1.79215893e-01  8.13288689e-02
  5.16977273e-02 -6.73065186e-02  9.15708095e-02  2.59240150e-01
  8.79156291e-02 -7.59520009e-02  6.84328675e-02  1.38340384e-01
  3.87367234e-03  3.63023803e-02 -1.48326799e-01 -1.71240151e-01
  6.90835193e-02  1.27033234e-01 -3.54525149e-02 -1.02118514e-02
 -2.56175935e-01  5.84373400e-02 -1.17439628e-02 -7.77489021e-02
  1.89514890e-01  3.98660630e-01  2.76668370e-01  2.51923651e-01
 -3.20946202e-02 -4.09250408e-02 -6.46534562e-02 -7.70532638e-02
 -2.69474238e-02 -4.62121740e-02  1.54279664e-01  8.75667669e-03
 -6.43776357e-02 -8.84371921e-02  4.00011092e-02  1.30355865e-01
 -9.75274742e-02  1.83468252e-01 -2.79368041e-03  1.64646640e-01
 -1.45966217e-01 -1.49992213e-01 -1.33214086e-01  9.03548002e-02
  7.53847286e-02 -1.83918446e-01  1.82534143e-01  5.15229180e-02
  1.22977771e-01  2.52461225e-01 -5.81623539e-02  1.77081168e-01
  1.97757959e-01  2.61745751e-01 -4.09700423e-02  4.15919185e-01
  1.37087777e-02  1.57599717e-01  1.11650676e-02 -3.79329383e-01
 -3.28326672e-02 -1.94866061e-01  3.59494798e-03  2.57140249e-02
 -6.61759749e-02 -9.70980898e-02  8.37234557e-02  2.13893965e-01
  2.90583223e-02 -5.69911003e-02 -7.58363605e-02  1.99022517e-02
 -7.60675818e-02 -1.28749311e-01  2.85716802e-02 -9.34940353e-02
 -7.07133189e-02  8.79351944e-02 -9.72257555e-03 -1.81017712e-01
 -1.32949412e-01  1.73969626e-01 -1.13545716e-01  1.42980879e-02
  5.97554520e-02  1.78831264e-01  9.84964520e-02  1.25909504e-02
  8.23515467e-03  2.26350337e-01 -1.32910222e-01  8.47573578e-02
  2.01859623e-01 -7.27116317e-02  9.72233787e-02  8.06404203e-02
 -8.48278105e-02 -1.89655259e-01 -1.76662311e-01  9.38759893e-02
  8.91203284e-02  1.73817158e-01 -6.52075559e-02  4.58975919e-02
 -1.06572196e-01  2.79620528e-01 -8.59453455e-02  9.38092619e-02
  2.57088132e-02  5.80485538e-02 -1.49333820e-01  9.57925618e-02
 -1.57525003e-01 -1.48218155e-01  9.49462503e-02  5.70154265e-02
 -5.25443703e-02  3.01236026e-02  4.71338257e-02 -3.06949355e-02
 -9.59386826e-02  8.21250826e-02 -1.56894103e-02 -3.77836749e-02
  5.00196852e-02 -4.22188193e-02 -9.98330861e-02  1.03089847e-01
  1.49148360e-01 -1.50809407e-01 -4.73244749e-02 -2.00576335e-01
  3.02124441e-01 -1.23806804e-01 -2.08747908e-02 -2.00462267e-02
 -2.34368593e-01 -1.93991020e-01 -8.51023048e-02 -8.38974118e-02
  4.14910108e-01 -2.76168495e-01 -1.33027807e-01 -7.99862593e-02
  1.69878080e-01  3.08440149e-01  3.52850333e-02 -5.52157909e-02
  2.20296718e-03 -1.81662455e-01 -8.31700712e-02  4.77729216e-02
 -3.26795578e-02  1.74105331e-01  4.67530563e-02  1.17101863e-01
 -8.99009407e-03  3.80021147e-02 -1.75174288e-02  6.39680177e-02
 -9.96486247e-02  2.35129166e-02 -1.09833166e-01 -8.46811384e-02
 -6.57105595e-02  2.03258004e-02  1.46216556e-01 -1.04548685e-01
  1.00294547e-03 -1.36464536e-01  1.05408296e-01 -1.08763032e-01]"
revolucionaria,"[-5.93945384e-02  5.03155291e-02  5.67820787e-01 -1.70201182e-01
  4.27548066e-02  5.67277111e-02 -1.00837938e-01 -1.15453482e-01
 -2.61595160e-01 -7.86364377e-02  1.47596955e-01 -7.64123127e-02
 -2.54980445e-01 -2.15891272e-01  4.99885865e-02 -1.81251079e-01
  1.52583018e-01 -2.90976346e-01 -2.94581324e-01  1.34864286e-01
 -1.55599311e-01 -2.35425621e-01  5.59302606e-03 -2.12089922e-02
 -4.57750797e-01  1.27908960e-01 -3.02009694e-02 -4.43704307e-01
  9.05233324e-02 -1.01031631e-01  1.92471534e-01 -3.94058585e-01
 -3.03217918e-01 -4.15908769e-02 -8.55992660e-02  2.96888649e-01
 -5.48432708e-01  1.59944519e-01 -1.36438161e-02 -2.08334997e-02
  8.68223980e-03 -1.52623415e-01  1.50001153e-01 -2.04039104e-02
 -5.91418985e-03  8.44408870e-02 -5.12498331e+00  1.26618613e-02
  7.41844624e-03  1.29920289e-01 -1.11923374e-01  2.04859719e-01
  1.83771670e-01  2.51686305e-01  2.19148379e-02  4.70526330e-02
 -9.34149101e-02  2.51035929e-01 -1.20072365e-01  1.07594281e-01
 -4.76566888e-02  2.97804058e-01  1.00740984e-01  2.23744705e-01
  3.61751355e-02  2.77481973e-01  2.24754661e-02  3.89828295e-01
  2.41546109e-01  2.17337355e-01 -2.27526039e-01  3.82955045e-01
 -2.92248994e-01 -1.56086966e-01 -3.82544622e-02 -9.86353010e-02
 -4.16349441e-01  1.09487042e-01 -1.69981942e-02  1.59991384e-01
  1.05884776e-01  6.89517856e-02  2.63156503e-01 -5.98706119e-02
  1.07863359e-01 -1.00780576e-02  9.44572687e-02 -2.70231724e-01
  1.68232217e-01  2.90978760e-01  3.30207720e-02 -1.14318036e-01
 -3.25277336e-02 -1.35358274e-01 -1.49880126e-01 -7.38902092e-02
  2.86349744e-01  1.97220236e-01 -1.82701007e-01  2.05255389e-01
  2.57345010e-02 -1.09336950e-01 -6.43914416e-02 -6.20354414e-02
 -3.06621157e-02 -1.72168940e-01  1.95901006e-01 -8.64268690e-02
  4.01291996e-02 -8.93753618e-02  8.37390944e-02  1.40854552e-01
 -1.43338472e-01 -1.07773900e-01  1.34275004e-01 -7.26358965e-02
  2.88524002e-01 -2.15981588e-01 -1.31022587e-01  2.20987573e-01
  4.99803200e-03  2.55228102e-01 -4.93110046e-02 -1.21630758e-01
  1.46715671e-01 -6.77207410e-02 -5.36834225e-02  2.21433178e-01
 -1.23375505e-01 -2.82825857e-01 -2.66734604e-03 -1.57512829e-01
 -2.17361376e-01  1.20022610e-01  2.00838283e-01 -2.58923769e-01
  2.82896012e-01 -3.49067971e-02 -1.19606152e-01 -1.76521957e-01
 -3.25109303e-01 -2.32708156e-02  1.21980488e-01 -8.50295946e-02
 -2.84347683e-03 -9.04625952e-02 -3.13749135e-01 -1.45471990e-01
 -1.98982373e-01  8.81606787e-02  2.15895116e-01  2.65168339e-01
  2.63879925e-01 -9.54495445e-02  8.72984380e-02 -1.18185952e-03
  3.27277258e-02  4.67262939e-02 -1.40894428e-01 -1.58037364e-01
 -8.09977576e-02  2.46607453e-01  1.88474894e-01 -1.28016874e-01
  2.41911739e-01 -1.39009394e-02  1.15600631e-01 -2.87086014e-02
  1.24779791e-01 -1.02224953e-01  4.42944393e-02  1.89696088e-01
  6.23665377e-02 -3.62633839e-02 -8.73872042e-02 -3.55066776e-01
 -1.55921234e-02  1.26615718e-01  1.54599756e-01 -8.15950558e-02
 -5.42236939e-02  1.67112723e-01  8.70390832e-02  1.01036146e-01
 -2.29572117e-01  5.23776859e-02  2.18231976e-01  5.02445772e-02
  4.08973098e-02 -2.12249130e-01 -1.72970265e-01 -1.25356063e-01
  5.48336327e-01 -1.81029618e-01  2.93401867e-01  1.64432108e-01
  2.30420515e-01  6.23224750e-02  1.29025713e-01 -1.09520271e-01
  2.18831822e-02 -7.34154433e-02  5.06801344e-02 -4.07595187e-03
  3.04551899e-01  5.46841659e-02  8.07044357e-02 -2.19287470e-01
  4.24935594e-02  7.43888989e-02 -2.17704773e-01  1.14396423e-01
  3.22680354e-01  6.20544702e-02 -1.91279262e-01 -5.26145361e-02
 -1.56012714e-01 -2.46931762e-01  5.76763377e-02  8.74640495e-02
  1.93806812e-01 -1.92676738e-01  1.50968462e-01  1.57729566e-01
  7.57759288e-02 -1.27973452e-01  2.45348215e-01 -1.29564315e-01
 -1.10282376e-01  2.52446651e-01 -2.55347997e-01  6.48644120e-02
 -2.94383079e-01  2.88671888e-02  1.67128399e-01  2.50884116e-01
  7.77893364e-02 -4.60007638e-02 -2.40863070e-01  1.26798615e-01
  4.25392166e-02  2.17445061e-01 -4.53555956e-02 -1.50525883e-01
  9.44064111e-02  2.88413376e-01  1.35431126e-01 -3.25819403e-02
  4.31955457e-02 -1.80662140e-01  1.25735924e-01 -1.95986629e-02
 -2.88009912e-01  6.67092577e-02  2.05142610e-02 -3.33312422e-01
 -1.40826672e-01  1.46996289e-01  7.45263249e-02  2.42585257e-01
 -2.34313861e-01  3.62294912e-02 -2.42005140e-02 -9.14354250e-03
 -5.00780717e-03 -6.87696785e-02 -4.30288881e-01 -2.58112885e-02
 -2.91123874e-02  5.24736494e-02  1.75785482e-01  1.07506856e-01
  3.16861480e-01  1.85594618e-01  9.31332484e-02 -1.09839365e-01
 -8.40041116e-02  5.07116094e-02 -4.48881239e-02 -1.04719751e-01
  1.26008704e-01 -7.98696056e-02 -7.05243200e-02  2.45477587e-01
 -1.72325045e-01  2.02144012e-01 -9.61489603e-03  6.27528271e-03
  2.54274428e-01  3.15725207e-01 -7.60086775e-02  2.60605849e-02
  3.72276045e-02 -2.22412020e-01 -1.46515980e-01 -5.02825081e-02
 -1.04675293e-01 -5.97227737e-02 -1.57056376e-02 -6.36160523e-02
 -2.76063859e-01 -2.12100416e-01  6.39124587e-02  4.82210040e-01
  9.70988423e-02  4.79761124e-01  1.17432028e-01 -1.71694979e-01
 -1.02446921e-01 -1.83386147e-01 -3.12400281e-01 -7.48876259e-02
  4.06821907e-01  9.75665897e-02 -6.66816458e-02  2.08492711e-01
  2.62759700e-02 -4.43778187e-03  2.83255905e-01 -2.01683000e-01
 -6.13696799e-02 -1.95093095e-01  3.42558771e-02  7.35178366e-02
  6.79815980e-03  1.63304299e-01  3.42292637e-01  5.37300967e-02
  2.05633566e-01 -5.92794791e-02  9.16404091e-03  4.27707434e-02
  3.59027274e-02  9.69142467e-03  1.78206295e-01  8.19640309e-02
 -3.14627469e-01 -1.71164572e-01 -8.46886218e-01  1.43004641e-01
 -7.99317658e-02  8.31606090e-02 -2.33520120e-01  1.08437717e-01
  4.33134064e-02 -1.56966195e-01  1.16503581e-01 -1.18852869e-01
  3.74317259e-01  1.63205951e-01  1.89726040e-01 -2.31244922e-01
  1.14615619e-01 -1.69463977e-01  1.80747688e-01 -1.30487546e-01
  1.33182630e-01 -8.62497836e-02 -4.62265462e-02  4.84444872e-02
  3.19874920e-02 -3.95971946e-02  3.11261415e-01  2.16233596e-01
 -2.24262029e-02 -7.80515745e-02 -2.27853596e-01 -7.55425394e-02
 -4.48966920e-02 -1.34034753e-01  7.00895041e-02 -7.93335438e-02
  4.96668741e-02 -9.55392122e-02  3.95071805e-01  2.06213996e-01
  1.59766689e-01  1.80729553e-02  1.10866025e-01  6.74207658e-02
  4.54245470e-02  3.65673542e-01  4.49619710e-01 -1.34893730e-01
  8.99626911e-02 -2.11901933e-01  7.01712072e-03 -1.07026935e-01
  1.40155911e-01  8.93943012e-04  5.11251576e-03 -2.75313184e-02
 -1.82920277e-01 -3.05637896e-01  5.28525293e-01  1.51801631e-01
 -2.02872396e-01  3.26510221e-02  2.88343783e-02 -8.91841426e-02
  7.60069266e-02 -1.24805793e-01  8.51684883e-02 -1.70014873e-02
  7.52710626e-02 -1.64676830e-01 -3.35829146e-02 -2.73389637e-01
 -7.59107694e-02 -9.36547890e-02  2.88283862e-02  9.39713269e-02
 -2.58552879e-01 -3.92098390e-02 -1.91233248e-01 -1.80726886e-01
 -1.51380777e-01  3.89036238e-02 -2.67234266e-01  3.26741785e-01
  1.79654241e-01 -1.80444539e-01 -1.86322987e-01 -7.58171231e-02
 -7.57426843e-02 -2.24477962e-01 -8.17571729e-02 -2.86131233e-01
  9.16958004e-02  1.96476221e-01  1.38980687e-01 -1.06328070e-01
  6.82127550e-02 -4.69501503e-03 -7.41193712e-01 -8.74200612e-02
  9.25341100e-02  1.78853422e-02 -3.43444459e-02 -1.01565704e-01
  1.76497698e-01  2.32837558e-01 -1.25756800e-01  1.32037178e-01
 -1.46901369e-01 -3.44045199e-02  1.87667787e-01 -4.33791339e-01
 -1.72875196e-01  4.99439687e-02 -7.27324784e-02  1.30230725e-01
  1.94801744e-02  2.01364905e-02  7.25855827e-02  1.72084242e-01
  3.76283899e-02  4.45293516e-01  2.10208282e-01  1.98229820e-01
 -2.87790298e-02  4.37149554e-01  1.40981808e-01 -4.70955856e-02
  2.41583198e-01  6.20315075e-02 -5.67814708e-03 -6.22740537e-02
 -9.69994664e-02  3.56238127e-01 -2.24389642e-01  2.23882049e-01
  3.29707935e-02  9.80720967e-02 -2.55066216e-01  1.99715123e-01
 -3.76240253e-01 -1.16857402e-01 -1.50663972e-01 -2.59167477e-02
 -2.33716220e-01 -7.02965707e-02 -7.90629089e-02  1.05863996e-03
  2.27657676e-01 -2.03710258e-01 -7.42885917e-02  3.71685512e-02
 -2.05952138e-01 -4.34098952e-02 -1.28197700e-01  5.71052358e-03
 -4.12921235e-03 -2.11806342e-01  2.11295281e-02  2.27154255e-01
  1.45206094e-01  5.62963188e-02 -2.43531525e-01 -4.03282374e-01
 -1.23167373e-01  2.35680789e-02  1.53992325e-01  6.57083392e-02
 -2.96595823e-02  9.50785801e-02  2.28836238e-01  3.36550176e-03
 -2.44814157e-03 -1.27586842e-01 -1.56073328e-02 -1.18180305e-01
  9.76881310e-02  5.32280616e-02  4.31239046e-02 -3.86178531e-02
 -1.33425519e-01  7.14607239e-02 -9.96111482e-02  7.96372741e-02
 -4.50037122e-02  6.87981188e-01 -6.02861084e-02  3.85771599e-03
 -1.26163274e-01 -1.66674688e-01  1.21852100e-01  7.42232949e-02
  1.11512408e-01 -2.81250421e-02  1.02035463e-01  2.47861408e-02
  1.77605048e-01 -4.25789416e-01 -1.88345715e-01 -2.28770196e-01
  1.60370737e-01  3.19421500e-01 -1.30169600e-01 -1.34795398e-01
  9.71374661e-02 -1.64359540e-01  1.87166318e-01 -6.40141889e-02
 -1.21227108e-01 -9.17696953e-02 -9.57846716e-02  1.17415674e-02
 -3.87193322e-01  2.24099827e+00 -2.18668550e-01  2.68526077e-02
 -7.90701285e-02 -7.03350902e-02  2.95251042e-01  1.69636771e-01
  2.83965692e-02  9.83389094e-03  4.73999858e-01 -1.95385113e-01
  6.18875287e-02 -4.98769581e-02 -1.55282468e-01 -9.22803432e-02
  7.79877603e-01  2.66836584e-01 -1.63936153e-01  2.48861998e-01
  2.92407334e-01  1.40264615e-01  5.12287319e-01 -2.07628399e-01
  9.15739387e-02 -1.64823532e-02 -2.17245556e-02 -7.36862943e-02
  4.45217229e-02 -1.87876269e-01 -5.54824248e-02  5.72393537e-02
  2.99896300e-03  1.28644824e-01  1.78858668e-01 -4.75408286e-02
 -9.07609686e-02  1.26506776e-01 -1.87708996e-03  2.88176946e-02
  8.59360769e-02  1.73505783e-01  2.20577329e-01  4.48221974e-02
  2.23977610e-01  5.34437597e-03 -1.40339121e-01  2.54511088e-02
  2.20452353e-01 -2.90664174e-02  1.03196457e-01  1.30594045e-01
  2.83986121e-01 -3.51141214e-01  1.06382981e-01  1.67364284e-01
 -4.63764928e-02  9.42216367e-02 -1.83838069e-01 -2.73859590e-01
  1.22366555e-01  4.23257388e-02 -6.80379570e-04  1.16135396e-01
 -1.16592951e-01  4.15122882e-02 -1.27060339e-03  5.28348871e-02
  1.50655553e-01  2.14679182e-01  4.15243804e-02  2.05594525e-01
 -1.66154444e-01 -3.59760374e-01 -9.72893909e-02  1.49733141e-01
  6.63780570e-02 -9.35567319e-02  9.99051332e-02 -1.26598209e-01
 -1.17896974e-01 -1.29126072e-01  1.78897232e-01  1.68922246e-01
 -1.54916942e-01  2.76442498e-01  1.22528836e-01  1.54215902e-01
 -1.07799880e-01 -1.72765359e-01  1.59685686e-02 -1.96584702e-01
 -5.41771948e-02  4.97077405e-03  1.58647984e-01 -1.67270824e-01
  1.02974281e-01  2.32531637e-01 -1.03466168e-01 -1.07896805e-01
 -1.79151267e-01  2.22455487e-02 -1.76263213e-01  1.29107386e-01
  2.16856506e-02  2.30796821e-02  1.11182362e-01 -8.29574764e-02
  9.77418944e-02 -7.99990594e-02  3.98394987e-02 -7.44919181e-02
 -1.81079224e-01 -6.06666021e-02  1.64808072e-02 -5.22257723e-02
  9.89364237e-02  1.25288367e-01 -3.75376731e-01  2.93290198e-01
 -4.23467718e-02 -2.31209353e-01 -9.72017497e-02  2.21942484e-01
  8.94939452e-02  6.86620995e-02 -1.53266475e-01 -2.76119292e-01
 -1.00439869e-01  6.87875971e-02 -2.56602131e-02  6.07593693e-02
  1.53563410e-01  2.52862126e-02  3.20646428e-02  4.22249548e-03
  4.01667617e-02 -7.95241669e-02 -1.41349733e-01  3.97632867e-02
 -1.21801458e-01  1.84564441e-02 -2.03778908e-01 -1.23371527e-01
 -8.38130340e-03 -1.14794755e-02 -7.86359832e-02  8.97465497e-02
 -1.45831943e-01  3.36015701e-01 -2.66420841e-03 -1.33698788e-02
  9.79798436e-02  1.06077194e-01  1.22352928e-01  8.92007127e-02
  3.65025610e-01 -2.94591524e-02 -8.76097530e-02 -2.21133426e-01
 -1.63738757e-01 -5.66026568e-02  1.09256357e-01  7.12315738e-02
  1.38404876e-01 -2.51355052e-01 -1.04857534e-02  4.64682132e-02
 -3.03917527e-01  2.47250080e-01  1.18320212e-01 -2.38578796e-01
 -2.86158752e-02 -7.26457685e-02  2.93674648e-01  1.51539102e-01
  2.64410973e-01 -2.82774568e-01 -4.49860357e-02 -1.43400058e-02
  3.67375970e-01 -8.54776576e-02  4.55770642e-02  1.86557382e-01
 -8.06096718e-02 -1.05815440e-01 -1.02534041e-01 -8.60542059e-02
  4.05307889e-01 -9.91037041e-02 -4.25541729e-01 -1.12157673e-01
  1.70915172e-01 -6.52036518e-02 -1.16640612e-01  7.02363700e-02
 -1.40169039e-01 -2.94806302e-01 -1.62124693e-01 -2.97943980e-01
 -1.14287332e-01  4.84224483e-02  7.77994245e-02  7.81624541e-02
  1.46677181e-01  1.16621688e-01 -3.87322158e-04  3.70629311e-01
  3.12574953e-01  6.33926690e-02  2.40974486e-01 -1.85516924e-01
 -2.15983927e-01  2.41809458e-01  6.04037344e-02 -6.73478004e-03
  1.66070700e-01 -6.69870228e-02  1.77271545e-01  2.20488057e-01]"
permite,"[-1.70418769e-01 -2.31287107e-01  4.03072506e-01 -3.26934248e-01
  4.25203219e-02  6.97851628e-02 -3.73004228e-02  2.01876789e-01
 -5.23543395e-02 -2.02930480e-01  6.18422031e-03  2.38055736e-02
 -1.16315126e-01 -2.51451612e-01 -3.25257555e-02 -7.61809945e-02
 -4.43721190e-03 -2.77675003e-01 -1.04484566e-01 -1.21923842e-01
 -4.57022786e-02 -2.81984359e-01  1.02956116e-01 -9.54853743e-03
 -8.71942639e-02  4.48035076e-02  2.18857348e-01 -4.22421485e-01
 -1.69685811e-01  5.50399199e-02  3.55580747e-01 -2.57877350e-01
 -3.27495635e-02 -3.53674889e-01 -1.47293031e-01 -1.83533639e-01
 -3.99394184e-01  3.35095793e-01  1.03277601e-01 -7.75244012e-02
  1.13908783e-01  1.12158045e-01 -8.49186927e-02  3.59847471e-02
 -1.26551434e-01  1.62337810e-01 -5.19249058e+00  1.27757162e-01
 -3.48407000e-01 -7.60505721e-03 -9.28569138e-02  1.79262072e-01
  2.75492072e-02  3.54351103e-02 -1.08557820e-01  1.47524141e-02
 -2.12838754e-01  3.78810167e-02 -2.97180653e-01  8.84328783e-02
  7.08267614e-02  9.28455591e-03  1.15519293e-01  1.17545258e-02
  3.42604905e-01  9.69152972e-02 -2.58487880e-01  3.07987213e-01
  1.37535930e-01 -3.10944710e-02  2.88498327e-02  1.37141943e-01
 -8.85805115e-02 -3.22718322e-02 -7.81299472e-02 -3.13770682e-01
 -4.17237915e-02  9.08961222e-02  3.27063948e-01 -8.50378629e-03
  8.38871673e-02  1.89006358e-01  7.99435675e-02  1.26211703e-01
 -1.35824516e-01 -5.65351248e-02  2.59412199e-01 -2.08556741e-01
  1.40526637e-01  4.88311574e-02  8.16000029e-02  8.68695304e-02
 -8.89869034e-02 -7.82413632e-02 -7.08327368e-02 -5.49733005e-02
  7.56009594e-02  1.53253227e-01  4.57536355e-02  1.92049250e-01
  4.74566333e-02  4.88461182e-02  3.80132914e-01 -1.21556796e-01
 -2.66857520e-02  1.35696724e-01  2.16053307e-01 -6.71638735e-03
 -1.73618406e-01 -1.05159938e-01 -4.56272811e-02  1.62570953e-01
 -7.51963481e-02 -5.82402200e-02  2.10815221e-01 -3.24777216e-02
  1.71292052e-02 -1.72464065e-02  1.32977515e-01 -8.32888782e-02
 -7.77018666e-02  2.12378129e-01 -3.31265450e-01  1.04041226e-01
  1.82635322e-01 -3.06973197e-02  8.68315436e-03  5.29669225e-02
 -1.84192792e-01 -7.72268027e-02 -2.87413687e-01 -2.46190175e-01
  4.03713137e-02  2.77073771e-01  1.04098558e-01 -1.37174884e-02
  2.59037793e-01 -1.94239631e-01 -1.74892843e-01 -3.29840071e-02
 -7.05176145e-02  9.64232981e-02  3.94759960e-02  1.19830601e-01
 -5.79999462e-02 -1.21780321e-01 -2.56114215e-01 -5.87076787e-03
 -5.36299199e-02  9.84888524e-02  8.57401192e-02  3.25209975e-01
  1.95462376e-01  4.55775782e-02  3.23525608e-01 -1.27700478e-01
 -1.69304684e-01  6.71491474e-02  2.70061791e-02 -1.58017233e-01
  1.23230726e-01  1.25282571e-01 -3.42004001e-03 -2.90044099e-02
  2.49584526e-01 -9.12947804e-02  1.76090628e-01 -6.93759322e-02
 -9.01334286e-02  3.75348777e-02 -1.99609026e-01  6.47943541e-02
 -9.84847844e-02 -9.59660858e-04 -1.59931257e-02 -3.32868211e-02
 -9.72835720e-02 -6.17044792e-03  5.41203320e-02 -1.88307345e-01
 -1.67586654e-01 -2.17486732e-02 -6.53819516e-02 -8.94514322e-02
 -2.26959571e-01  2.33703554e-01 -4.96051013e-02  1.71519831e-01
  7.23816827e-02 -1.32527679e-01  2.41379499e-01 -8.24167430e-02
 -1.10797711e-01 -4.68401015e-02  8.38759243e-02  2.32762277e-01
  1.57297641e-01  2.20850006e-01 -1.05681002e-01 -1.54723227e-02
 -4.10325117e-02 -2.62707204e-01  2.28524692e-02 -2.72480458e-01
  6.81106970e-02 -2.62123764e-01  3.88279557e-02 -1.38297155e-02
  3.54125768e-01  1.36980727e-01  1.55941695e-02  1.38587743e-01
 -1.25569969e-01 -1.75855845e-01 -2.11981103e-01 -7.15861768e-02
 -1.40749104e-02  1.27155721e-01  8.07527453e-02  1.02271587e-01
  8.14494863e-02  1.78608581e-01 -1.19003132e-01  1.40015081e-01
 -1.57757804e-01  3.04443762e-03  1.79795176e-01 -2.76421309e-01
  1.43446863e-01 -1.35770440e-03 -1.67979330e-01  8.66254270e-02
 -1.52763799e-02  5.78255653e-02  4.62824963e-02  2.89978415e-01
  2.77449667e-01  9.98392999e-02 -2.08459005e-01  3.14986825e-01
  1.53634511e-02  1.13892615e-01  3.71238440e-02 -8.47692192e-02
 -4.58188206e-02 -1.09917223e-01  1.78354874e-01 -1.38411254e-01
 -1.26756340e-01 -1.07906871e-01 -2.24510416e-01  1.78193256e-01
  2.31553510e-01 -1.09824622e-02  4.24818210e-02  1.15766339e-02
  1.82962850e-01 -1.11955166e-01  1.72771841e-01  1.83135867e-02
 -7.53922015e-03 -1.47660643e-01  1.07256234e-01  1.74514681e-01
  6.40940517e-02 -1.28705800e-01 -2.41944656e-01  6.78579062e-02
  2.26338387e-01  1.90100953e-01 -9.32619944e-02  1.39855873e-02
  1.06052540e-01 -3.42490599e-02  6.72245622e-02 -8.87712687e-02
 -1.15160182e-01  1.37561098e-01 -2.14533329e-01 -2.33537644e-01
  1.14867717e-01  6.26017302e-02 -1.23227134e-01  8.49705935e-02
  3.82552058e-01  3.34784538e-02  1.88129500e-01 -1.91819370e-01
  5.41474298e-02 -3.05929512e-01  8.96057785e-02  2.35260427e-01
  2.60312855e-03  6.63821548e-02  6.03013039e-02 -6.79407865e-02
 -1.31799728e-01 -1.16849482e-01  1.53001487e-01 -1.25265867e-02
 -1.77930787e-01 -2.69598514e-02 -8.74568522e-02  1.68927282e-01
  1.54696971e-01  1.29610643e-01  2.79799938e-01 -7.15256184e-02
  6.78180009e-02  1.07167073e-01 -1.87555134e-01 -2.26321071e-02
  1.96503982e-01  1.05473362e-02 -2.64268428e-01 -4.79861461e-02
  1.07385099e-01  1.98080137e-01  2.21282840e-01 -1.36821657e-01
 -5.72263673e-02 -1.90514848e-02 -1.16785780e-01 -3.59493867e-02
 -7.44098052e-02  1.23456463e-01  2.09545754e-02  7.85134137e-02
 -1.59381241e-01 -2.58439109e-02  1.37821019e-01 -6.64865449e-02
  7.86190033e-02  5.57642505e-02  1.97853580e-01 -2.54295081e-01
 -2.35973835e-01  3.60090435e-02 -1.49966590e-02  1.60600871e-01
  1.74093634e-01 -4.56593931e-02 -8.68251696e-02  1.17721327e-01
 -4.78986949e-02 -2.87415739e-02 -1.54686108e-01 -8.47470015e-03
  1.24018535e-01 -9.14038718e-02  1.42021284e-01 -1.01630434e-01
  2.91357577e-01 -1.70599684e-01 -8.75945017e-03  1.22807913e-01
  1.28145650e-01 -6.73187822e-02  3.33663583e-01  7.25231469e-02
  5.70671186e-02 -2.55789787e-01  2.01438203e-01  1.21312290e-01
 -9.37166661e-02 -1.74098969e-01 -1.48724094e-01  3.61190215e-02
  1.44541472e-01  2.34478056e-01  6.04831092e-02 -1.44151479e-01
  2.66217649e-01  6.41470402e-02  8.30818191e-02  2.74548642e-02
 -1.63669243e-01  4.04126644e-02  2.33573854e-01 -7.12279007e-02
  2.17253387e-01  3.49758744e-01 -6.44958764e-02  1.49206705e-02
 -5.13097644e-03 -4.15990502e-02  1.08879171e-02 -5.77071123e-02
  2.34504193e-01  7.58086666e-02  1.92123547e-01 -1.35132596e-01
  1.61064282e-01 -4.55675572e-02  2.92974055e-01  2.04538941e-01
 -4.70252335e-02 -6.95332438e-02 -1.94632843e-01 -2.81070024e-02
  1.71737745e-01 -4.44932515e-03 -5.30932564e-03 -2.03276053e-02
 -3.46361138e-02 -6.11381903e-02  2.92203635e-01 -1.46698594e-01
 -2.27557980e-02 -3.84365395e-02 -7.17630237e-02 -3.12083885e-02
  5.64875938e-02  1.04146704e-01 -8.52081925e-02 -3.39012817e-02
  9.13595930e-02  1.27930209e-01 -2.17442796e-01  1.69846103e-01
 -7.57405460e-02  1.90947019e-03 -1.94479465e-01  1.89881511e-02
  3.29450071e-02 -1.28455892e-01 -1.33495390e-01 -2.53965646e-01
 -1.56652853e-01  1.95040926e-03  1.22946352e-01 -1.39956057e-01
 -7.37039298e-02  3.63581628e-01 -3.28962535e-01  2.26303965e-01
 -1.85614049e-01 -6.34957328e-02  1.37331069e-01 -2.03605406e-02
 -5.18735535e-02  9.61962864e-02 -2.96693057e-01 -1.55329362e-01
 -2.23706588e-01  1.95851907e-01 -4.91176397e-02  8.29073042e-03
  2.06853241e-01  3.63477692e-03  1.82450786e-01 -1.82736516e-01
  1.66727200e-01 -2.39467666e-01  1.68209389e-01 -5.57137951e-02
  5.03354520e-03  3.54431421e-02  2.10205019e-01  3.79079074e-01
 -2.69565992e-02  1.93017758e-02 -3.62467542e-02  2.29253054e-01
  3.83715540e-01  1.54487073e-01  1.03895150e-01 -6.81958199e-02
  2.44840533e-02  2.43200094e-01 -1.59829929e-01  4.68377881e-02
  1.25685036e-01 -8.08195025e-02  9.14690048e-02  1.66592926e-01
 -8.53145793e-02 -2.55882859e-01 -9.27837938e-02 -7.78822675e-02
 -1.19714454e-01 -1.30780429e-01  1.55729711e-01 -1.53275728e-01
  1.62890315e-01  3.69301289e-02 -1.44114653e-02  1.54739439e-01
 -6.03797175e-02 -1.33770704e-01  4.38032970e-02 -6.95709586e-02
  2.26636171e-01 -1.68200508e-02 -3.74313407e-02  1.99206471e-01
 -6.32064790e-03 -7.10595865e-03 -2.16596335e-01  1.45780146e-01
  5.14165014e-02 -8.09395090e-02  8.26598704e-02  2.21982688e-01
 -2.54834741e-01  5.95095940e-02 -1.85368024e-02 -1.04842126e-01
 -8.86448100e-03 -3.17346305e-02  4.32097375e-01 -4.13292125e-02
 -3.04005351e-02  5.18731177e-02  2.36150716e-02 -2.04537168e-01
  2.12554708e-01  9.63626653e-02 -1.44368992e-03 -1.75734997e-01
 -1.28541052e-01  5.25328815e-01 -3.08816824e-02 -1.29541606e-01
 -7.41751716e-02  8.58789980e-02  2.54684538e-02 -8.72155055e-02
 -2.93313831e-01  6.27893582e-02  2.72675306e-02 -6.59271032e-02
 -2.75745913e-02  1.61333546e-01 -1.24575488e-01 -1.77623734e-01
  1.74644627e-02  2.48312831e-01  2.56508052e-01 -1.92118675e-01
  1.53341740e-01 -8.42879564e-02  3.00314203e-02 -5.66239133e-02
 -1.30240291e-01  7.78536648e-02  2.41733611e-01  1.10443890e-01
 -1.05837688e-01  2.21018362e+00 -4.14932132e-01  6.59857988e-02
 -1.41042307e-01  2.02329680e-02 -1.69893861e-01  2.26073056e-01
 -2.27593049e-01  2.69095451e-01 -1.15187228e-01  2.89947897e-01
  9.66743007e-02 -1.21310987e-02  4.85450327e-02 -2.41378009e-01
  2.94133931e-01 -1.71741396e-02  1.11480467e-02  2.71283627e-01
  3.16187322e-01  1.83236510e-01  2.32086107e-02  1.71110317e-01
  1.00174278e-01 -4.29005921e-02 -3.14665735e-01 -2.89734930e-01
 -1.49810389e-01  1.48166746e-01  2.90200293e-01  1.18589327e-01
  3.26379180e-01  4.54588085e-02 -1.26910612e-01  8.01124573e-02
 -6.14904091e-02  1.34084672e-01  8.44082534e-02 -4.07755934e-02
 -2.99561232e-01 -2.00900048e-01 -5.35212159e-02  7.47198835e-02
 -3.36870365e-02 -3.28123868e-02  8.22011232e-02 -1.85771976e-02
  2.16759399e-01  5.25865518e-03  1.39706442e-02 -1.58399686e-01
  1.30380094e-01  4.70581874e-02  1.25103965e-01  1.02980450e-01
  5.97286820e-02  6.31436184e-02 -1.90579757e-01 -4.52334017e-01
 -9.09438431e-02  1.69927359e-01 -5.07849455e-02 -2.55526841e-01
 -8.67302120e-02  1.49591625e-01 -1.48397461e-01 -7.60590881e-02
 -1.54056758e-01  2.16985911e-01  7.80013055e-02  1.33117512e-01
  4.98251542e-02  2.15245597e-03  2.52045125e-01  4.12585586e-02
  3.22105020e-01  3.68572086e-01 -4.68212590e-02 -2.09217131e-01
  1.73143610e-01 -4.61808294e-02  3.74566942e-01 -1.05695225e-01
 -3.28648463e-02  1.59534603e-01  4.40747887e-02 -1.67480141e-01
  1.30629584e-01 -3.76034260e-01 -5.10508418e-02  2.50530958e-01
  2.15860248e-01 -1.26940999e-02  1.28920361e-01  1.99185684e-01
 -6.54511675e-02  7.06525743e-02 -6.64285123e-02 -2.00406760e-01
  1.87114328e-01  2.31371999e-01  2.00327009e-01 -4.20559496e-01
 -3.58226001e-02  1.64032176e-01 -2.07544416e-02 -2.20763445e-01
 -1.23513713e-01 -7.43313953e-02 -3.38812470e-02 -1.10694088e-01
 -1.13040246e-02  1.27669632e-01 -1.10719725e-01 -5.10237701e-02
  1.21748149e-01  1.38400197e-02 -1.68257177e-01  1.27511829e-01
 -1.04439426e-02 -8.33229125e-02  2.39306062e-01 -2.85278946e-01
 -1.18689910e-02 -4.05118801e-03 -2.92614192e-01  6.18354902e-02
 -1.50657639e-01  1.56849697e-01 -2.98575580e-01  1.75117821e-01
 -2.79760212e-01  1.17175564e-01 -9.82548445e-02  1.69028848e-01
 -1.28926054e-01 -5.84241413e-02 -8.49450454e-02  1.82698399e-01
 -1.58439726e-01  3.16083804e-03 -1.93369091e-01 -5.28096780e-03
 -7.28106126e-02 -2.34739497e-01  1.84128210e-02 -2.44654194e-01
  1.40109688e-01  2.45378129e-02 -1.03624210e-01 -2.14146093e-01
 -1.62619337e-01 -8.09518397e-02  7.15001076e-02  1.88209802e-01
  2.25642711e-01 -7.37992823e-02  1.49524048e-01 -4.85708229e-02
 -1.15023494e-01 -1.38920963e-01 -1.50008440e-01 -1.29259396e-02
 -6.99640885e-02 -1.29616782e-01  1.32760048e-01  1.66892692e-01
 -2.87071131e-02  5.70560172e-02  4.24610972e-02 -5.34196682e-02
 -2.47062117e-01  2.19431132e-01 -2.76389718e-01  2.12041989e-01
 -7.37654716e-02 -1.72947526e-01 -1.15330055e-01  3.95437218e-02
 -1.70942277e-01  4.52307686e-02  6.79921582e-02  1.94084600e-01
 -1.59174785e-01  6.65280446e-02 -4.75979894e-02 -1.45301834e-01
  1.07583813e-01  1.01256594e-01  1.82755180e-02  1.35258250e-02
  2.81272471e-01  2.74158478e-01  5.38194478e-02 -1.77616060e-01
 -6.96313158e-02  1.48148201e-02  2.78572738e-02 -2.18494564e-01
 -3.38754058e-02 -4.47182506e-02 -5.23127243e-02 -4.76985425e-03
 -1.03137329e-01  8.61724764e-02 -4.38938364e-02  1.27299279e-01
 -3.78013104e-02  1.80038452e-01  7.09524453e-02 -1.40142590e-01
 -1.70890093e-01  1.77223682e-01  1.56855971e-01 -2.32149199e-01
 -2.17240199e-01  5.62599078e-02 -1.12045437e-01  3.09237894e-02]"
automatizar,"[-2.71056555e-02 -1.61896601e-01  7.48202205e-04 -1.68752983e-01
  3.82485539e-02 -8.84562731e-03  2.64059007e-03 -6.49019703e-03
 -4.67560291e-02  6.43349215e-02 -8.86311829e-02  2.70825848e-02
  4.16411050e-02 -1.17526777e-01 -3.26740108e-02 -1.22554295e-01
  1.82107836e-01 -4.26862836e-01 -1.48541301e-01 -4.96479869e-03
 -9.31955278e-02  1.30571961e-01  9.11380351e-02  1.75234050e-01
 -2.58600324e-01  1.35223925e-01  9.70951989e-02 -1.12095863e-01
  6.37853518e-02 -2.22130507e-01 -1.49643958e-01 -1.12646803e-01
 -1.44916907e-01 -2.70526588e-01 -6.62348121e-02 -3.24651271e-01
 -9.72940400e-02  1.40693747e-02  1.86802119e-01 -1.28722012e-01
 -9.42783058e-03 -3.02310288e-01 -2.92306244e-02  4.49671783e-02
 -1.14648730e-01  7.84239396e-02 -5.00170088e+00 -7.21141100e-02
 -4.11164463e-01  2.92707942e-02 -2.36242354e-01 -1.56504549e-02
  1.97570235e-01  5.20812571e-02 -9.14240256e-03  2.67707527e-01
 -2.37008810e-01  1.56532109e-01  2.39025429e-02 -1.11083664e-01
 -5.02226204e-02  2.08825655e-02  2.59622782e-01 -5.30546531e-02
 -1.01007052e-01  2.48224456e-02 -1.57853276e-01  2.03322619e-01
 -1.64570510e-02  1.84216946e-01  9.74521190e-02 -6.43054247e-02
  1.12695135e-02  5.60049191e-02  2.43173316e-02  9.62482542e-02
  1.09072588e-02  1.61963612e-01  1.36475995e-01  1.12582855e-02
 -4.55570109e-02  2.32287034e-01  3.15559953e-02  1.48042634e-01
 -2.91391701e-01  2.44451314e-03  8.97240639e-03  8.04186910e-02
  1.51514053e-01  4.42532480e-01  2.02216715e-01  1.29413083e-01
  1.24465331e-01  2.14593083e-01  1.38248801e-01  1.30512863e-01
  1.38147622e-01 -1.69544220e-01  1.28173441e-01  8.00350457e-02
 -6.14463314e-02  1.00315318e-01 -6.87684268e-02 -7.24505633e-02
  6.75787777e-02  7.91849121e-02  3.47145535e-02  1.12960100e-01
 -3.97114903e-02 -1.73864849e-02 -2.01966874e-02  1.80587202e-01
  2.38355234e-01 -2.81083453e-02  1.15306288e-01 -2.41236873e-02
 -1.54220939e-01 -1.05393231e-02  1.52705371e-01 -2.04526782e-01
  4.57354859e-02  6.10380135e-02  1.23583943e-01 -1.21934175e-01
  1.05496541e-01 -4.74805757e-02 -3.02461594e-01  4.57838178e-03
  1.10845268e-01  8.04224089e-02  7.50378519e-02 -1.95435673e-01
 -1.68356687e-01  9.03061181e-02 -6.33218139e-03  1.85253751e-02
  1.55723721e-01 -5.63981757e-02  1.26494125e-01 -6.41762391e-02
 -5.15123457e-02  1.81868911e-01 -2.07988620e-01 -2.23088432e-02
 -2.07811236e-01  1.22401044e-02 -8.12418163e-02 -1.49229854e-01
  9.16997343e-02  2.04978943e-01  8.97067040e-02  1.23415068e-01
  2.18624026e-01 -1.02931760e-01 -3.47131714e-02 -7.86970407e-02
  5.26916608e-02  1.59225076e-01  2.90935747e-02  1.91370621e-01
  6.10964745e-02  3.58282849e-02  1.37913764e-01 -2.10422590e-01
  1.53334379e-01 -3.73136960e-02 -5.35190515e-02  5.76280281e-02
  3.55746225e-03 -6.92351758e-02 -2.48207018e-01 -6.42498881e-02
 -1.60209835e-04  1.12623572e-02 -4.23794910e-02 -6.91270083e-02
 -1.05927080e-01  1.26402050e-01 -1.55709177e-01  1.42197728e-01
 -1.49829820e-01  5.52784875e-02 -3.16620059e-02 -6.97937235e-02
 -9.71263200e-02  1.02780923e-01  1.46016210e-01 -6.62072226e-02
  7.47345835e-02 -1.04653828e-01 -7.21368790e-02 -1.20705582e-01
  1.11240439e-01 -8.46195966e-02  3.63891348e-02  8.77759010e-02
  6.35397956e-02  1.23109177e-01 -1.40716270e-01  3.73672359e-02
  3.45950462e-02  5.37779927e-03  1.38262033e-01 -9.71998498e-02
  1.57433569e-01 -9.41235796e-02 -5.43437675e-02 -3.18342745e-02
 -3.64237279e-02 -9.23326164e-02 -2.78520957e-02  2.45745629e-01
 -1.72273740e-01 -7.05299340e-03 -1.15116447e-01 -8.13117772e-02
 -2.51229107e-01  3.34798470e-02  2.02954501e-01  2.73614097e-02
  5.41448407e-03 -2.44531743e-02 -2.41813622e-02  9.41281989e-02
 -1.54060140e-01  3.58140953e-02  7.85963312e-02  4.23877202e-02
 -7.36417547e-02  7.35986829e-02 -1.07106104e-01 -1.19841866e-01
 -1.28006890e-01  1.71733916e-01  1.59011990e-01  1.22713991e-01
  2.10296750e-01  1.42757192e-01 -1.34668231e-01 -2.68239319e-01
 -2.06410930e-01  1.17384486e-01  1.61339268e-02 -2.35681891e-01
  2.28206247e-01  9.29485708e-02 -1.38174534e-01 -1.85075015e-01
 -1.60741329e-01 -1.68437883e-01 -6.90198317e-02 -8.33606347e-04
 -1.51535004e-01 -7.02768341e-02 -8.32831562e-02  2.18531102e-01
  1.18298441e-01 -1.83582723e-01  2.18321323e-01  5.22383153e-02
 -1.63722560e-02 -1.28419790e-02  2.87535358e-02  3.14076126e-01
  2.25389823e-01 -1.57212690e-02 -1.04325972e-02 -1.12828389e-01
 -2.61365771e-02  3.47272940e-02 -1.47971168e-01  7.69905373e-02
  1.62221685e-01  7.31557980e-03 -2.57748067e-01 -1.80289149e-03
  3.34379449e-02  2.90334634e-02 -7.62934908e-02 -1.19781271e-01
  2.02493563e-01  1.56499341e-01  1.61853563e-02  2.81123340e-01
  2.51774013e-01  1.21033549e-01  2.42233813e-01  1.20785929e-01
  4.45513465e-02 -1.24807261e-01  6.51199818e-02  1.62022620e-01
  6.64072186e-02 -9.15239155e-02  1.76525921e-01 -1.18736476e-01
 -1.35502174e-01 -3.70414518e-02 -1.67615026e-01  6.13323078e-02
  6.53556176e-03 -2.96769254e-02  2.33723521e-02  2.82290816e-01
  9.05112773e-02  2.81675220e-01  1.76926121e-01 -1.58582926e-01
 -3.45104411e-02  1.49992704e-01 -9.52908322e-02 -1.31837636e-01
  1.75884783e-01 -9.70016792e-02 -4.40264419e-02  7.42616057e-02
  1.21882915e-01  9.31422040e-03  2.70878375e-02 -1.28077105e-01
 -3.06182969e-02 -1.10729590e-01  1.27708524e-01 -2.16970146e-01
 -7.73732215e-02  9.18687508e-03  4.60113473e-02 -1.64170623e-01
 -3.46720293e-02  4.23843004e-02 -1.50817167e-02 -2.46558040e-01
  1.02283500e-01 -4.12025601e-02 -1.09845757e-01 -1.71976402e-01
 -2.47029662e-01  1.70218304e-01  6.85200319e-02  1.87554248e-02
 -4.28960398e-02 -2.15547085e-02 -3.22719127e-01 -1.23557538e-01
 -4.04235311e-02  1.37918442e-02  2.65073270e-01  2.44948417e-02
  5.59636056e-02  1.24788530e-01 -1.37026772e-01 -4.73329090e-02
  6.58013225e-02 -8.38690400e-02  2.30026454e-01  6.35083020e-02
  7.45629072e-02  2.73949802e-02 -3.28260064e-02  6.65575415e-02
 -1.68238431e-02  1.82179585e-01  8.73253196e-02  1.26843706e-01
  2.03902453e-01 -1.75020233e-01  6.48539960e-02  2.68118531e-02
  4.20874357e-03  2.29520500e-01 -1.28942564e-01 -2.46664703e-01
  1.87097564e-01  1.01073802e-01 -1.26508415e-01  2.09967107e-01
  1.23638019e-01  4.73844483e-02 -1.03959478e-02 -1.50550872e-01
 -3.53644192e-02  3.66406918e-01  5.11584692e-02  1.01509698e-01
 -1.19691312e-01  8.43897164e-02 -4.47502136e-02 -1.94437839e-02
 -3.06551158e-03  2.88723648e-01 -1.01704761e-01 -3.72243784e-02
  2.81819195e-01 -1.39460623e-01  1.29782468e-01  3.63904238e-03
 -3.92346010e-02 -7.70114139e-02 -2.41277516e-02 -1.06729500e-01
  1.26076937e-01  1.89041108e-01 -2.52348054e-02  8.02088976e-02
 -1.67745888e-01 -1.85492113e-01  1.47921294e-01  5.64419962e-02
 -2.35881992e-02 -3.62025499e-01 -6.35405630e-02  1.54059365e-01
  3.82094346e-02 -4.07381840e-02  1.28132049e-02 -3.37132543e-01
  1.35628149e-01  2.70903520e-02  1.59721151e-02  2.10917473e-01
  7.51339793e-02 -7.88369551e-02 -4.26250771e-02 -1.61008954e-01
  8.00828636e-02 -1.49149477e-01 -1.29212558e-01 -2.08846301e-01
 -4.56418321e-02 -4.93972376e-03  7.27878660e-02 -7.45869800e-02
 -1.99935809e-02  1.89914018e-01 -7.30957985e-01  3.67220819e-01
 -1.47303984e-01 -1.52401999e-01 -1.14130676e-02  3.01742584e-01
  6.53016120e-02  2.31744543e-01 -6.89409599e-02 -1.53912783e-01
  6.50545955e-02 -3.65571156e-02  2.26169452e-02 -5.14829531e-03
 -7.29860738e-02  4.63568382e-02  1.96180679e-02 -4.30136956e-02
 -3.85163911e-03  6.30783811e-02  1.75974950e-01 -4.19879138e-01
  3.11282165e-02  2.41077691e-01  1.59331709e-01  2.73387611e-01
  1.69521570e-01  2.94295758e-01  1.62389010e-01  1.84149444e-01
  1.85673326e-01  3.24720263e-01  4.67156321e-02 -1.78103417e-01
  1.33255627e-02  1.88682184e-01 -1.94297463e-01 -3.82248722e-02
  1.01638556e-01 -7.26388991e-02  1.34697646e-01 -3.03873196e-02
 -7.37164766e-02 -1.16806738e-01  1.63975447e-01  6.56035319e-02
  1.03107415e-01  1.22148059e-02 -2.91899383e-01 -2.54803300e-01
  1.56820416e-01 -2.71522462e-01  3.34320590e-02  1.59875244e-01
 -2.32435577e-02  4.25365008e-03  3.00473329e-02 -1.14219159e-01
  2.07546577e-01  3.42834830e-01  4.15110886e-02  2.19963625e-01
  1.50153533e-01 -1.22876853e-01  2.37456858e-01  7.87495077e-02
 -1.26974404e-01  4.96312510e-03 -2.32961580e-01  2.92207390e-01
 -8.92192349e-02  9.99443755e-02  9.70926359e-02 -2.65452322e-02
 -7.00639188e-03 -5.08692712e-02  2.89343111e-02 -9.63899493e-02
  9.51100662e-02 -3.12166095e-01  2.35348850e-01  2.65933633e-01
  6.03494756e-02  5.28220385e-02  1.42891668e-02 -2.01330006e-01
 -1.10089451e-01  5.08044362e-01  1.61247924e-02  1.02237999e-01
 -3.79649252e-02  2.19097491e-02  3.00376657e-02 -1.62623525e-02
 -1.09368466e-01 -1.04660675e-01  3.64420772e-01 -4.82276157e-02
  5.14100417e-02  9.07367468e-02  1.20934226e-01 -7.47841299e-02
  2.90714987e-02  7.40267783e-02  1.32174939e-01  4.31792773e-02
 -1.24788344e-01 -2.63860404e-01 -1.31879956e-01 -1.32749066e-01
 -2.14998528e-01 -5.44229746e-02 -3.51361111e-02  1.60445929e-01
 -1.45831108e-01  2.72764969e+00 -2.17880100e-01 -1.12446323e-01
  1.92584962e-01  1.28903002e-01  3.19286764e-01 -2.18141839e-01
  7.68454373e-02  9.23525020e-02  6.30017370e-03 -3.15456927e-01
  8.94076303e-02  4.95522469e-03 -1.75155252e-01 -1.39084995e-01
  9.67531726e-02  2.59542495e-01 -3.31032813e-01  4.16358769e-01
  8.80617350e-02 -7.13099092e-02 -6.14491478e-02  6.81223944e-02
  9.08313245e-02 -6.55983984e-02 -1.18632652e-01 -3.82315367e-02
  7.35112187e-03 -9.78716742e-03  4.75449935e-02  1.30790219e-01
  4.25998747e-01  2.53886193e-01  1.52296022e-01  1.73943862e-03
 -1.59397036e-01 -1.22107022e-01 -2.00993955e-01  2.19264776e-01
 -7.84715563e-02  5.65667152e-02 -4.52635437e-02  4.81080264e-02
 -1.03225932e-01 -1.26296449e-02  1.08411908e-02  8.99386555e-02
  1.05622798e-01 -1.84189618e-01 -3.72537225e-03 -2.64855623e-02
  1.41971663e-01  8.95680673e-03  2.05688953e-01 -1.07005993e-02
 -6.01717047e-02  1.21312425e-01  1.73770681e-01 -2.71161377e-01
  3.49436700e-01  2.56039612e-02 -6.06199428e-02 -2.69572847e-02
 -4.55090627e-02  8.43712240e-02 -1.91181809e-01 -1.75456136e-01
 -3.82710248e-02  3.31456140e-02  2.15359062e-01  1.77049100e-01
 -1.53361514e-01 -4.88031507e-02 -2.04354897e-03 -6.73301592e-02
  2.06705436e-01 -8.11681896e-02 -1.62219986e-01 -1.37845308e-01
  3.47090662e-01 -1.94935668e-02  2.16702461e-01 -8.33150446e-02
 -3.23448241e-01  1.47084489e-01  9.91247408e-03 -4.38560843e-02
 -3.40610966e-02 -2.99117446e-01 -1.44145578e-01 -8.85130838e-03
  7.49670714e-02  1.87121667e-02  1.55445576e-01  7.33808577e-02
  6.08741939e-02  3.02357107e-01  1.66220590e-04 -7.67961293e-02
  1.77698925e-01  2.24408150e-01 -1.98301628e-01 -1.40271574e-01
  1.43015385e-03  4.85660285e-02  9.08960551e-02 -5.53441197e-02
 -1.41955405e-01 -2.21868634e-01 -9.01100561e-02 -1.80362552e-01
  1.14685655e-01 -4.58026156e-02 -9.50700119e-02 -1.03611484e-01
  7.83548802e-02 -2.33062029e-01  7.47469142e-02 -1.50808245e-02
  1.84610888e-01 -1.13622211e-01 -1.33816183e-01  3.57054323e-01
  9.17436928e-03 -5.23143224e-02  9.72604230e-02 -1.40284561e-02
  3.08839977e-02  9.57407653e-02 -4.62134257e-02 -6.99083656e-02
  6.24040030e-02 -4.28486392e-02  5.31590804e-02 -1.51110545e-01
 -1.23064294e-02 -4.28792760e-02 -1.36663139e-01  4.82641496e-02
 -7.11895525e-02 -2.61905432e-01  1.66173264e-01 -4.89794947e-02
  1.21027008e-01 -1.45201325e-01  1.37982443e-02 -1.11213580e-01
 -2.52592620e-02  8.60585123e-02 -1.35193244e-01 -4.84372675e-02
 -1.04172960e-01  1.15423240e-01 -7.55494833e-02 -4.30399254e-02
 -5.90998009e-02 -4.13977876e-02 -3.31162661e-02 -8.89967382e-03
 -2.33884856e-01 -1.93992481e-01 -1.69126675e-01 -2.45619472e-03
  2.31586210e-03  3.45777720e-02 -1.87206380e-02 -1.80569798e-01
 -1.32466540e-01  5.83824329e-03  6.61777630e-02 -8.96105766e-02
  1.01804405e-01 -1.06164999e-02 -1.39207780e-01 -1.15315288e-01
  2.16053408e-02 -1.67994499e-01 -1.60971403e-01 -6.59438819e-02
  1.18137449e-01  1.36120617e-02  1.63911909e-01  3.26425433e-02
 -1.63140744e-01  7.68866688e-02  1.38742104e-01  1.49353817e-02
  3.43044847e-02 -1.01553440e-01  1.46406755e-01 -1.20652035e-01
  2.32199073e-01  1.29512012e-01  2.50897929e-03 -1.01864420e-01
 -1.69407412e-01  9.11650360e-02 -1.31252840e-01 -2.02488303e-01
  1.08848341e-01  3.62118632e-02  1.54887095e-01 -7.17568099e-02
 -9.70781595e-02 -1.58880353e-01 -1.06747061e-01 -1.65192738e-01
  1.55983552e-01  2.86352783e-02  2.68071115e-01 -8.81448388e-03
 -7.30504841e-03  2.69874096e-01  9.41044837e-02 -1.67135656e-01
 -2.07625985e-01  1.38365999e-01  1.56528696e-01 -1.23959050e-01]"
procesos.,"[ 5.14723733e-02 -2.37133011e-01  2.42824052e-02  3.79699282e-02
 -5.62498011e-02  5.36845736e-02  5.69994450e-02  5.96501306e-02
 -8.76530036e-02 -1.35036826e-01 -1.35763958e-02  7.02895746e-02
  9.09108222e-02 -5.24026230e-02  3.00447866e-02  5.05241342e-02
  1.23642765e-01 -2.48987988e-01 -1.16456732e-01 -4.98430617e-02
  7.71773234e-03 -1.16739139e-01 -2.84611546e-02  1.00822017e-01
 -1.09233439e-01  1.14292458e-01 -2.14885548e-01 -4.34689149e-02
  1.20190471e-01 -5.58760725e-02 -9.73483026e-02 -2.07592830e-01
  8.00970569e-03 -2.40877509e-01 -8.59059244e-02 -1.35056034e-01
 -1.95931226e-01 -1.98338106e-02 -3.59136015e-02 -1.57568932e-01
 -1.82892308e-02 -3.13331112e-02  2.42512468e-02 -7.13915080e-02
 -6.76572844e-02  1.31944031e-01 -5.17924786e+00  1.21078826e-01
 -3.12932044e-01  1.45552754e-02 -4.71403077e-03  9.39544439e-02
 -1.37269527e-01  3.05360630e-02 -1.66147217e-01  3.00421230e-02
 -1.13291405e-01  1.00691155e-01  2.37842835e-02 -1.05879977e-01
 -4.00004536e-02  6.09865785e-03  1.72759235e-01 -1.62245944e-01
  1.37781054e-02  1.01101518e-01 -6.50783330e-02  2.28071228e-01
  2.47865207e-02  1.21074520e-01 -1.74702883e-01  8.38382840e-02
  5.97992651e-02 -2.36064196e-03  8.75633284e-02  2.17787270e-02
 -1.73097193e-01  1.49129406e-01  5.31093366e-02  4.58770385e-03
 -4.19006497e-03  5.77245392e-02  3.25194187e-02  1.53755426e-01
 -1.73462987e-01 -2.03610733e-01 -4.74088173e-03  4.91305999e-02
 -1.91174634e-03  2.23543674e-01  4.36081216e-02  6.90804794e-02
  4.77005765e-02  1.78240269e-01 -1.35089248e-01 -6.70838431e-02
  5.58702685e-02  4.54166770e-01  7.46417046e-02 -1.24749094e-01
  3.66226137e-02  1.68325678e-02  8.38206559e-02 -4.44862023e-02
  1.95815504e-01 -1.05311498e-01  5.15863039e-02 -3.12171150e-02
  5.85074499e-02 -8.98711607e-02 -1.29437461e-01  2.19816864e-01
 -4.67214957e-02 -6.34358600e-02 -6.15633540e-02 -2.45090500e-02
  5.32141700e-02 -5.73612452e-02  2.51078941e-02  7.07925037e-02
  1.09095596e-01 -9.33678746e-02 -1.35988981e-01 -1.79431736e-01
 -1.07736439e-02 -1.04688108e-04 -8.04160535e-02  9.98326987e-02
 -1.47511587e-02 -1.23651773e-01 -6.99230433e-02  4.34045121e-02
 -1.09533116e-01  7.93836415e-02 -6.20799400e-02  5.04313149e-02
  2.56363958e-01 -5.13303690e-02 -3.13852936e-01 -1.23066157e-02
  6.00692332e-02  3.67879830e-02 -8.00892040e-02  1.01828113e-01
 -8.01468343e-02  2.83942334e-02 -1.32204026e-01 -4.48887944e-02
 -1.12190314e-01  1.63877040e-01 -1.76904984e-02  2.43924826e-01
  3.90161574e-02 -7.53779858e-02 -1.39976442e-01 -1.37578323e-01
  3.71580310e-02  1.83259606e-01  1.19012438e-01  2.04769783e-02
 -5.67206070e-02 -2.03339290e-02  1.69863999e-01 -1.89518016e-02
  6.89827725e-02 -7.47162700e-02 -6.94559067e-02  2.04145424e-02
 -5.74819818e-02 -2.55219527e-02  2.71208081e-02  1.11161515e-01
 -2.07351372e-02 -1.50546357e-02 -4.20046858e-02 -1.76540226e-01
  1.03590399e-01 -2.78954208e-02 -4.21210378e-02 -2.29544938e-04
  5.41762486e-02 -1.52343530e-02 -1.62300318e-01 -4.36689071e-02
 -1.47935569e-01  4.55746613e-02  5.63805401e-02 -2.08608806e-02
  2.50292480e-01 -4.55047637e-02  4.12584320e-02 -9.55529138e-02
  2.33269393e-01  6.41608983e-03  1.73718005e-01  2.16989160e-01
  7.39315450e-02  3.91836800e-02  1.38677135e-02  9.52833295e-02
 -2.04156376e-02 -1.25681669e-01  4.15528715e-02 -1.32359520e-01
  1.51085705e-01  3.67334038e-02  1.31190076e-01  1.28713384e-01
  2.21422970e-01  6.19488470e-02 -1.29345685e-01  9.91878808e-02
 -9.12218541e-03 -1.60333931e-01 -1.59506634e-01 -2.26909742e-02
 -2.71801889e-01  1.34606034e-01  3.54417115e-02 -7.19639286e-02
  1.31735764e-03  6.00990131e-02 -1.34127617e-01  7.43117929e-02
  1.54917210e-01 -7.10049272e-02 -3.89731005e-02  2.23885551e-02
 -1.98656335e-01  1.36923552e-01 -1.10857710e-01 -2.21964195e-01
 -1.43475771e-01  3.70027386e-02 -1.28208667e-01  2.30447769e-01
 -3.40103805e-02  1.21026039e-01 -8.28247666e-02  1.23350829e-01
 -1.18698835e-01  6.08376600e-02  1.43342257e-01 -6.81451410e-02
  1.93956569e-01 -5.78710549e-02 -1.57778524e-02 -7.89830014e-02
 -6.71917275e-02  1.72844119e-02 -4.48791943e-02 -1.13467023e-01
  7.74787180e-03 -1.02874190e-01  2.41629630e-02  2.95845926e-01
 -6.83272630e-02  1.01556890e-01 -9.85782966e-03  1.76781714e-02
 -4.32839580e-02 -1.03999265e-01  1.25239976e-02  1.96345776e-01
  7.48081505e-02 -7.38641694e-02 -3.47539783e-01 -1.51576772e-02
 -9.69562382e-02 -1.25736780e-02 -3.01040530e-01  1.31653473e-01
  8.98362845e-02  1.49522185e-01  4.05144319e-03  2.84070969e-02
  8.89561623e-02  1.16995633e-01  3.03668641e-02 -3.77317704e-02
  1.98687017e-01  3.94389555e-02 -1.04977474e-01  3.52922261e-01
  1.94583982e-02  2.59504206e-02  2.25901641e-02  1.47282574e-02
 -1.87285878e-02  1.06170088e-01  5.82352057e-02  1.23393983e-02
 -4.45565209e-02  7.66253844e-03  1.10261738e-01  7.19382241e-03
  6.92133009e-02  1.57965481e-01 -3.29232849e-02  8.39415714e-02
 -8.58419612e-02 -6.55356720e-02 -9.05078948e-02  1.55828238e-01
  2.00669020e-01  1.34355858e-01  1.75005347e-01  6.61777854e-02
 -4.77497764e-02  5.04546314e-02 -1.07136399e-01 -1.45097941e-01
  1.15845673e-01 -2.40536064e-01  3.02723423e-02  7.56673515e-02
  3.39566916e-03 -9.19322446e-02  1.96300954e-01 -4.42641452e-02
 -4.44070920e-02 -1.37088269e-01 -7.62771666e-02  1.41462870e-03
 -1.49358273e-01 -6.70443997e-02 -4.94750589e-02 -7.72774518e-02
  3.18642482e-02 -9.99048650e-02  1.14403293e-01  3.09446864e-02
  3.43508646e-02  1.95433944e-03 -5.83386011e-02 -1.68550640e-01
 -2.51817346e-01 -1.36912644e-01 -7.77904503e-03  5.56853488e-02
  8.42204392e-02 -6.91656321e-02 -2.73625374e-01  8.84445310e-02
  6.59122169e-02 -6.07949346e-02  9.57712382e-02 -1.27518401e-01
  4.42540646e-02  2.51329150e-02  6.70187362e-03  1.09057643e-01
  1.74455643e-01 -4.01689932e-02  1.47892535e-01  9.53477919e-02
  1.75567478e-01  7.44364709e-02 -5.41303381e-02  1.34967417e-01
  7.22470880e-02 -2.31384300e-02  6.48021922e-02  1.65801987e-01
 -1.99885726e-01 -1.05003051e-01 -1.37030371e-02  1.49259865e-01
 -3.62114795e-03  1.07291833e-01  1.54720824e-02 -1.01894952e-01
  1.28593504e-01 -4.67308760e-02  2.05554627e-02 -1.57392174e-02
  1.05536059e-01 -2.82555044e-01  7.56193325e-02 -9.91586149e-02
  7.33086541e-02  1.55676991e-01  1.23613700e-01  1.72250986e-01
 -2.48219818e-02  9.40579697e-02 -7.54356533e-02  1.36708498e-01
  1.64032996e-01 -8.24229121e-02  5.95444404e-02 -6.46660998e-02
 -1.07488140e-01 -2.63888836e-01  9.96816009e-02 -1.89581305e-01
 -7.48897046e-02 -2.07319632e-02  1.74310729e-01 -3.74190770e-02
  7.48265088e-02  1.27710342e-01 -4.38217595e-02  2.82257497e-02
 -1.39106572e-01 -7.23373741e-02  3.00923288e-02 -7.47247934e-02
  6.17708564e-02 -1.68319702e-01 -2.38327682e-03  1.33531779e-01
 -1.03193030e-01  1.65159628e-02 -1.43936008e-01 -1.83600724e-01
  1.60855681e-01 -2.14175843e-02 -9.32584181e-02  9.51910019e-02
  5.91132194e-02  3.46533060e-02 -1.70457482e-01 -1.25658572e-01
 -1.07542530e-01 -2.41238400e-02 -3.99833694e-02 -1.88238353e-01
  2.78111715e-02  1.93752766e-01  2.26060271e-01 -7.63903260e-02
  6.11278713e-02  2.04636008e-01 -7.08660305e-01  1.72540441e-01
 -1.46354914e-01 -1.21424705e-01 -7.82742649e-02  4.45255525e-02
 -5.14148176e-02  2.48561539e-02  1.00659654e-02 -1.53972879e-01
 -7.05826581e-02  1.51571125e-01 -4.94789630e-02 -2.53172815e-01
 -8.09724182e-02  1.72255933e-01  1.04202755e-01  5.66841997e-02
  9.66595858e-02 -1.49559915e-01 -5.35705872e-03 -1.62636727e-01
  4.19952050e-02  2.39071265e-01  9.12181288e-03  6.39745593e-02
  6.88432381e-02  1.47707805e-01 -6.29379228e-02  2.28448689e-01
 -2.96966434e-02  8.93906429e-02 -9.57858115e-02 -3.69449072e-02
  1.61836028e-01  2.29410976e-01 -6.05820268e-02  9.77346897e-02
 -7.07117543e-02 -5.53209335e-02  1.66217297e-01  1.55970052e-01
 -8.96319747e-02 -8.45262110e-02  1.24537274e-01  6.96455315e-02
 -2.14749724e-02  2.13539861e-02 -3.93851846e-03 -1.39667869e-01
  7.07194582e-02 -2.72060096e-01 -5.51541336e-02 -1.93931982e-02
 -9.53020453e-02  9.69037637e-02 -6.57762513e-02 -1.23858921e-01
  2.82015562e-01  1.56543091e-01 -1.18793800e-01  2.28164047e-01
  6.14371151e-04  5.18935025e-02  1.11707196e-01  3.09227929e-02
 -1.72433376e-01 -3.07906829e-02  3.70473191e-02  1.97777420e-01
 -8.06668103e-02  1.06502704e-01 -7.15780556e-02  1.15242228e-01
 -2.77988277e-02  9.42352265e-02  1.20946139e-01  9.64714959e-02
  2.61847153e-02  6.28864765e-02  3.16254854e-01  8.39588419e-02
  1.63635723e-02  1.59551561e-01  6.11778125e-02 -1.89906329e-01
  5.02791144e-02  1.69772491e-01 -4.00705300e-02  4.48725149e-02
 -5.56033254e-02  6.03108294e-03 -6.82929903e-03 -4.05974910e-02
 -1.63371295e-01 -9.09454226e-02  3.56584340e-02 -1.48506742e-02
  3.41818333e-02 -2.13848427e-03 -6.83140010e-02  2.78733820e-02
  6.07161075e-02 -5.01988083e-03  1.81555822e-01 -8.97720903e-02
 -1.14831910e-01 -1.78378671e-01  4.35822643e-02  4.38867249e-02
 -1.08653486e-01 -1.89205289e-01  3.50836664e-02 -2.62534618e-03
 -3.97432595e-02  2.56788707e+00 -1.85427010e-01 -2.31822506e-02
  1.62155658e-01  5.93648106e-02  1.42680421e-01  6.41237795e-02
 -1.06875218e-01  5.07234484e-02  1.52980894e-01  1.24882907e-02
  1.36894614e-01  2.13444009e-02  7.88462460e-02 -5.31351455e-02
  2.06469968e-02  1.02920458e-01 -1.55621782e-01  8.52634981e-02
 -8.34710598e-02 -4.72283643e-03  4.63763811e-03  7.26052225e-02
 -1.09489590e-01  3.05796772e-01 -1.10484846e-01 -9.88739580e-02
  5.97946085e-02 -1.73771203e-01 -1.43028833e-02 -8.18061084e-02
  6.31946921e-02  4.29848507e-02 -5.91340736e-02 -2.31496900e-01
  7.23111928e-02 -5.51369488e-02 -4.93759848e-02 -1.25855766e-02
 -1.71190891e-02 -1.18250977e-02  1.86018012e-02 -7.17425942e-02
  1.77435368e-01  1.17630765e-01  3.31037119e-02 -7.34664500e-02
  7.51752630e-02  1.70708925e-01  9.09088552e-02  3.62956412e-02
  2.36604121e-02  1.18436635e-01 -6.60616234e-02  1.64821669e-02
  1.44392848e-01  1.19411089e-01  3.53449993e-02 -2.27443442e-01
 -1.50978500e-02 -8.31588060e-02 -3.66840363e-02 -2.33898237e-02
  6.27963431e-03  4.33846042e-02  1.39201730e-02 -2.35196240e-02
  1.42787486e-01 -7.43647441e-02  9.15122479e-02  1.54380172e-01
  2.65037566e-02 -4.45630252e-02 -8.88344273e-02 -1.16657048e-01
  5.57312295e-02 -3.41693051e-02  3.11801378e-02  1.28145590e-01
  1.33599401e-01 -1.14241078e-01  1.08379051e-01  2.46992465e-02
 -1.60232902e-01  2.44875625e-03  1.67175606e-02 -9.89950672e-02
 -1.74089313e-01  1.95592150e-01 -9.22643989e-02 -3.86425257e-02
 -2.43786164e-02  1.21877171e-01  1.86254278e-01  2.78724104e-01
  7.54745156e-02  1.73468381e-01  2.50837244e-02  2.94153392e-02
  1.88848540e-01  1.52801722e-01 -1.04246840e-01  2.58536041e-02
  5.67505024e-02 -9.73586589e-02  5.08921556e-02  5.83531931e-02
 -3.50693390e-02  2.32229922e-02  1.76761001e-01 -4.96540666e-02
 -6.59863353e-02 -2.63692942e-02  2.39379033e-02  2.59670258e-01
  3.55248190e-02 -4.07438315e-02 -6.87152594e-02 -6.37678951e-02
  1.18805379e-01 -8.74724835e-02  7.77366534e-02  8.13113898e-02
  1.43383145e-01  1.27277765e-02  3.11378576e-02  4.39431332e-03
  1.01114381e-02  9.67391506e-02 -1.68885663e-02  1.04847714e-01
 -2.07734168e-01  8.14412832e-02 -4.58658114e-03  7.95016214e-02
  3.81786972e-02 -1.22147389e-01 -1.94069967e-01 -2.66584232e-02
 -5.11910170e-02  5.29092439e-02 -7.55308196e-02  7.50650689e-02
 -6.89228326e-02 -7.30239004e-02 -1.99439339e-02 -1.37003154e-01
  7.37695843e-02 -4.63931523e-02 -1.53436258e-01  1.07240945e-01
 -1.88533798e-01 -6.56847656e-02  1.26498848e-01  2.18167230e-01
  1.30507767e-01 -1.74578696e-01 -3.94858047e-02  3.45977396e-02
  1.66405402e-02 -1.23754695e-01 -3.57639752e-02  1.21889241e-01
  1.18830502e-02 -8.87396038e-02 -7.39735290e-02  5.98903187e-02
 -1.06887348e-01  9.58886370e-02  1.84636295e-01  9.71860252e-03
 -5.75599372e-02  7.46605173e-02  1.09774247e-01 -1.80815998e-02
  5.06918170e-02  1.12701952e-03 -9.25058350e-02 -1.19507521e-01
  1.68653782e-02 -6.94673881e-02 -3.47793922e-02  1.84403181e-01
 -1.48876414e-01 -4.11921591e-02  4.74806912e-02 -6.84517473e-02
  1.17387533e-01 -1.36973828e-01  1.22036058e-02 -1.26593292e-01
  9.85960364e-02  2.48557508e-01  1.75635181e-02 -1.05182499e-01
 -2.40793917e-02  1.55939506e-02 -1.04332194e-01  7.34516680e-02
  2.68176198e-02  8.09535235e-02  1.98728591e-01 -1.77506916e-02
 -3.25690508e-02  2.04224586e-01  7.36966357e-02  9.71329138e-02
  3.11440647e-01 -1.34751990e-01  1.81739047e-01  3.52189429e-02
 -1.24341033e-01  1.18742742e-01 -1.43346235e-01 -5.34261912e-02
  1.14047341e-01 -6.72413185e-02  8.47347379e-02 -3.78018692e-02]"
